Workbook
Name 切片器_SKU: #N/A
Name 切片器_SKU1: #N/A
Name 切片器_SKU2: #N/A
Name 切片器_年月日: #N/A
Name month_conversion: OFFSET(month_data!$V$1,1,9,MAX(month_data!$U:$U),1)
Name month_list: OFFSET(month_data!$V$2:$V$87,0,0,MAX(month_data!$U:$U),1)
Name month_purchase: OFFSET(month_data!$V$1,1,8,MAX(month_data!$U:$U),1)
Name month_sales: OFFSET(month_data!$V$1,1,4,MAX(month_data!$U:$U),1)
Name month_salesMOM: OFFSET(month_data!$V$1,1,5,MAX(month_data!$U:$U),1)
Name month_salesYOY: OFFSET(month_data!$V$1,1,6,MAX(month_data!$U:$U),1)
Name month_salesYTDYOY: OFFSET(month_data!$V$1,1,7,MAX(month_data!$U:$U),1)
Name month_sessions: OFFSET(month_data!$V$1,1,1,MAX(month_data!$U:$U),1)
Name month_sessionsMOM: OFFSET(month_data!$V$1,1,2,MAX(month_data!$U:$U),1)
Name month_sessionsYOY: OFFSET(month_data!$V$1,1,3,MAX(month_data!$U:$U),1)
Name NativeTimeline_年月日: #N/A
Name NativeTimeline_年月日1: #N/A
Name Timeline_Date: #N/A
Name week_buybox: OFFSET(week_data!$Q$1,1,8,MAX(week_data!$P:$P),1)
Name week_conversion: OFFSET(week_data!$Q$1,1,5,MAX(week_data!$P:$P),1)
Name week_list: OFFSET(week_data!$Q$2:$Q$140,0,0,MAX(week_data!$P:$P),1)
Name week_purchase: OFFSET(week_data!$Q$1,1,6,MAX(week_data!$P:$P),1)
Name week_sales: OFFSET(week_data!$Q$1,1,7,MAX(week_data!$P:$P),1)
Name week_sessions: OFFSET(week_data!$Q$1,1,1,MAX(week_data!$P:$P),1)
Name week_sessionsMOM: OFFSET(week_data!$Q$1,1,2,MAX(week_data!$P:$P),1)
Name week_view: OFFSET(week_data!$Q$1,1,3,MAX(week_data!$P:$P),1)
Name week_viewMOM: OFFSET(week_data!$Q$1,1,4,MAX(week_data!$P:$P),1)

Sheet 源数据
A1: 年月日 | B1: 父ASIN | C1: ASIN | D1: 商品名称 | E1: 买家访问次数 | F1: 买家访问次数百分比 | G1: 页面浏览次数 | H1: 页面浏览次数百分比 | I1: 购买按钮页面浏览率 | J1: 已订购商品数量 | K1: 订购数量 – B2B | L1: 订单商品数量转化率 | M1: 商品转化率 – B2B | N1: 已订购商品销售额 | O1: 已订购商品的销售额 – B2B | P1: 订单商品种类数 | Q1: 订单商品总数 – B2B
A2: 43222 | C2: 5 | E2: 20 | F2: 0.7778 | G2: 72 | H2: 0.7778 | I2: 0.71 | J2: 5 | L2: 0 | N2: 357 | P2: 10
A3: 43222 | C3: 3 | E3: 38 | F3: 0.2222 | G3: 46 | H3: 0.2222 | I3: 0 | J3: 11 | L3: 0 | N3: 67 | P3: 14
A4: 43223 | C4: 5 | E4: 75 | F4: 0.8667 | G4: 88 | H4: 0.8667 | I4: 1 | J4: 30 | L4: 0.5 | N4: 97 | P4: 0
A5: 43223 | C5: 2 | E5: 24 | F5: 0.0667 | G5: 1 | H5: 0.0667 | I5: 0 | J5: 2 | L5: 0 | N5: 211 | P5: 18
A6: 43223 | C6: 3 | E6: 53 | F6: 0.0667 | G6: 23 | H6: 0.0667 | I6: 0 | J6: 1 | L6: 0 | N6: 441 | P6: 6
A7: 43224 | C7: 5 | E7: 41 | F7: 0.7 | G7: 69 | H7: 0.7 | I7: 1 | J7: 30 | L7: 0.375 | N7: 142 | P7: 17
A8: 43224 | C8: 2 | E8: 79 | F8: 0.05 | G8: 24 | H8: 0.05 | I8: 0 | J8: 7 | L8: 0 | N8: 134 | P8: 5
A9: 43224 | C9: 3 | E9: 99 | F9: 0.25 | G9: 7 | H9: 0.25 | I9: 1 | J9: 15 | L9: 0 | N9: 246 | P9: 15
A10: 43225 | C10: 5 | E10: 66 | F10: 1 | G10: 57 | H10: 1 | I10: 1 | J10: 17 | L10: 0.1111 | N10: 161 | P10: 9
A11: 43226 | C11: 5 | E11: 98 | F11: 0.75 | G11: 7 | H11: 0.75 | I11: 1 | J11: 12 | L11: 0.1 | N11: 293 | P11: 17
A12: 43226 | C12: 3 | E12: 63 | F12: 0.25 | G12: 29 | H12: 0.25 | I12: 1 | J12: 19 | L12: 0.25 | N12: 232 | P12: 7
A13: 43227 | C13: 5 | E13: 98 | F13: 0.2917 | G13: 66 | H13: 0.2917 | I13: 1 | J13: 19 | L13: 0.2857 | N13: 332 | P13: 18
... A1256: 43478 | C1256: 4 | E1256: 62 | F1256: 0.0323 | G1256: 50 | H1256: 0.0323 | I1256: 1 | J1256: 27 | L1256: 0 | N1256: 68 | P1256: 8

Sheet ASIN码和表格SKU名
A1: ASIN | B1: 卖家 SKU
A2: 1 | B2: A
A3: 2 | B3: B
A4: 3 | B4: C
A5: 4 | B5: D
A6: 5 | B6: E
A7: 6 | B7: F
A8: 7 | B8: G
A9: 8 | B9: H
A10: 9 | B10: I
A11: 10 | B11: J
A12: 11 | B12: K

Sheet query
A1: 年月日 | B1: SKU | C1: 访问数 | D1: 访问次数百分比 | E1: 页面浏览次数 | F1: 页面浏览次数百分比 | G1: BuyBox率 | H1: 商品数 | I1: 商品转化率 | J1: 销售额 | K1: 订单数 | L1: 订单转换率
A2: 43222 | B2: E | C2: 1 | D2: 0.5 | E2: 7 | F2: 0.7778 | G2: 0.71 | H2: 0 | I2: 0 | J2: 0 | K2: 0 | L2: 0
A3: 43222 | B3: C | C3: 1 | D3: 0.5 | E3: 2 | F3: 0.2222 | G3: 0 | H3: 0 | I3: 0 | J3: 0 | K3: 0 | L3: 0
A4: 43223 | B4: B | C4: 1 | D4: 0.25 | E4: 1 | F4: 0.0667 | G4: 0 | H4: 0 | I4: 0 | J4: 0 | K4: 0 | L4: 0
A5: 43223 | B5: C | C5: 1 | D5: 0.25 | E5: 1 | F5: 0.0667 | G5: 0 | H5: 0 | I5: 0 | J5: 0 | K5: 0 | L5: 0
A6: 43223 | B6: E | C6: 2 | D6: 0.5 | E6: 13 | F6: 0.8667 | G6: 1 | H6: 1 | I6: 0.5 | J6: 12.99 | K6: 1 | L6: 0.5
A7: 43224 | B7: C | C7: 2 | D7: 0.1818 | E7: 5 | F7: 0.25 | G7: 1 | H7: 0 | I7: 0 | J7: 0 | K7: 0 | L7: 0
A8: 43224 | B8: B | C8: 1 | D8: 0.0909 | E8: 1 | F8: 0.05 | G8: 0 | H8: 0 | I8: 0 | J8: 0 | K8: 0 | L8: 0
A9: 43224 | B9: E | C9: 8 | D9: 0.7273 | E9: 14 | F9: 0.7 | G9: 1 | H9: 3 | I9: 0.375 | J9: 38.97 | K9: 2 | L9: 0.25
A10: 43225 | B10: E | C10: 9 | D10: 1 | E10: 11 | F10: 1 | G10: 1 | H10: 1 | I10: 0.1111 | J10: 12.99 | K10: 1 | L10: 0.11111111
A11: 43226 | B11: E | C11: 10 | D11: 0.7143 | E11: 15 | F11: 0.75 | G11: 1 | H11: 1 | I11: 0.1 | J11: 12.99 | K11: 1 | L11: 0.1
A12: 43226 | B12: C | C12: 4 | D12: 0.2857 | E12: 5 | F12: 0.25 | G12: 1 | H12: 1 | I12: 0.25 | J12: 17.99 | K12: 1 | L12: 0.25
A13: 43227 | B13: C | C13: 14 | D13: 0.6667 | E13: 17 | F13: 0.7083 | G13: 1 | H13: 0 | I13: 0 | J13: 0 | K13: 0 | L13: 0
... A1256: 43478 | B1256: G | C1256: 7 | D1256: 0.0761 | E1256: 7 | F1256: 0.0565 | G1256: 1 | H1256: 1 | I1256: 0.1429 | J1256: 12.99 | K1256: 1 | L1256: 0.14285714

Sheet day_data
A1: 日期 | B1: 访问量 | C1: 访问占比 | D1: 浏览量 | E1: 浏览占比 | F1: BuyBox率. | G1: 购买商品数 | H1: 求和项:订单转换率 | I1: 求和项:销售额
A2: 43378 | B2: 25 | C2: 0.2294 | D2: 61 | E2: 0.2711 | F2: 1 | G2: 4 | H2: 0.16 | I2: 109.96
A3: 43374 | B3: 33 | C3: 0.1269 | D3: 40 | E3: 0.122 | F3: 1 | G3: 3 | H3: 0.090909091 | I3: 82.47
A4: 43375 | B4: 41 | C4: 0.2908 | D4: 65 | E4: 0.3385 | F4: 1 | G4: 3 | H4: 0.073170732 | I4: 82.47
A5: 43376 | B5: 30 | C5: 0.2752 | D5: 40 | E5: 0.2899 | F5: 1 | G5: 4 | H5: 0.13333333 | I5: 109.96
A6: 43379 | B6: 27 | C6: 0.2477 | D6: 42 | E6: 0.1687 | F6: 1 | G6: 0 | H6: 0 | I6: 0
A7: 43377 | B7: 33 | C7: 0.275 | D7: 64 | E7: 0.3168 | F7: 1 | G7: 3 | H7: 0.090909091 | I7: 82.47
A8: 43386 | B8: 27 | C8: 0.3333 | D8: 29 | E8: 0.2871 | F8: 1 | G8: 2 | H8: 0.037037037 | I8: 54.98
A9: 43380 | B9: 38 | C9: 0.2969 | D9: 95 | E9: 0.3006 | F9: 1 | G9: 1 | H9: 0.026315789 | I9: 27.49
A10: 43381 | B10: 39 | C10: 0.291 | D10: 52 | E10: 0.2016 | F10: 1 | G10: 7 | H10: 0.17948718 | I10: 192.43
A11: 43382 | B11: 35 | C11: 0.1882 | D11: 72 | E11: 0.1973 | F11: 1 | G11: 0 | H11: 0 | I11: 0
A12: 43383 | B12: 34 | C12: 0.281 | D12: 48 | E12: 0.2652 | F12: 1 | G12: 3 | H12: 0.088235294 | I12: 82.47
A13: 43384 | B13: 33 | C13: 0.2797 | D13: 49 | E13: 0.2849 | F13: 1 | G13: 2 | H13: 0.060606061 | I13: 54.98
... A105: 43478 | B105: 17 | C105: 0.1848 | D105: 22 | E105: 0.1774 | F105: 1 | G105: 2 | H105: 0.11764706 | I105: 59.98

Sheet day_控件
A1: =SMALL(day_data!$A:$A,1) -> 43374 | B1: 0 | C1: 67 | E1: 访客数 | F1: TRUE | L1: 日期 | M1: 访客量 | N1: 访客占比 | O1: 浏览量 | P1: 浏览占比 | Q1: Buybox率 | R1: 购买商品数 | S1: 转化率 | T1: 销售额
E2: 访客占比 | F2: FALSE | L2: =A1+B1 -> 43374 | M2: =IF($F$1,IF($L2="","",IFERROR(VLOOKUP($L2,day_data!$A:$I,2,FALSE),0)),NA()) -> 33 | N2: =IF($F$2,IF($L2="","",IFERROR(VLOOKUP($L2,day_data!$A:$I,3,FALSE),0)),NA()) -> #N/A | O2: =IF($F$3,IF($L2="","",IFERROR(VLOOKUP($L2,day_data!$A:$I,4,FALSE),0)),NA()) -> #N/A | P2: =IF($F$4,IF($L2="","",IFERROR(VLOOKUP($L2,day_data!$A:$I,5,FALSE),0)),NA()) -> #N/A | Q2: =IF($F$8,IF($L2="","",IFERROR(VLOOKUP($L2,day_data!$A:$I,6,FALSE),0)),NA()) -> #N/A | R2: =IF($F$6,IF($L2="","",IFERROR(VLOOKUP($L2,day_data!$A:$I,7,FALSE),0)),NA()) -> #N/A | S2: =IF($F$5,IF($L2="","",IFERROR(VLOOKUP($L2,day_data!$A:$I,8,FALSE),0)),NA()) -> 0.090909091 | T2: =IF($F$7,IF($L2="","",IFERROR(VLOOKUP($L2,day_data!$A:$I,9,FALSE),0)),NA()) -> #N/A
E3: 浏览次数 | F3: FALSE | L3: =IF(ROW(L3)-1>$C$1,"",L2+1) -> 43375 | M3: =IF($F$1,IF($L3="","",IFERROR(VLOOKUP($L3,day_data!$A:$I,2,FALSE),0)),NA()) -> 41 | N3: =IF($F$2,IF($L3="","",IFERROR(VLOOKUP($L3,day_data!$A:$I,3,FALSE),0)),NA()) -> #N/A | O3: =IF($F$3,IF($L3="","",IFERROR(VLOOKUP($L3,day_data!$A:$I,4,FALSE),0)),NA()) -> #N/A | P3: =IF($F$4,IF($L3="","",IFERROR(VLOOKUP($L3,day_data!$A:$I,5,FALSE),0)),NA()) -> #N/A | Q3: =IF($F$8,IF($L3="","",IFERROR(VLOOKUP($L3,day_data!$A:$I,6,FALSE),0)),NA()) -> #N/A | R3: =IF($F$6,IF($L3="","",IFERROR(VLOOKUP($L3,day_data!$A:$I,7,FALSE),0)),NA()) -> #N/A | S3: =IF($F$5,IF($L3="","",IFERROR(VLOOKUP($L3,day_data!$A:$I,8,FALSE),0)),NA()) -> 0.073170732 | T3: =IF($F$7,IF($L3="","",IFERROR(VLOOKUP($L3,day_data!$A:$I,9,FALSE),0)),NA()) -> #N/A
E4: 浏览占比 | F4: FALSE | L4: =IF(ROW(L4)-1>$C$1,"",L3+1) -> 43376 | M4: =IF($F$1,IF($L4="","",IFERROR(VLOOKUP($L4,day_data!$A:$I,2,FALSE),0)),NA()) -> 30 | N4: =IF($F$2,IF($L4="","",IFERROR(VLOOKUP($L4,day_data!$A:$I,3,FALSE),0)),NA()) -> #N/A | O4: =IF($F$3,IF($L4="","",IFERROR(VLOOKUP($L4,day_data!$A:$I,4,FALSE),0)),NA()) -> #N/A | P4: =IF($F$4,IF($L4="","",IFERROR(VLOOKUP($L4,day_data!$A:$I,5,FALSE),0)),NA()) -> #N/A | Q4: =IF($F$8,IF($L4="","",IFERROR(VLOOKUP($L4,day_data!$A:$I,6,FALSE),0)),NA()) -> #N/A | R4: =IF($F$6,IF($L4="","",IFERROR(VLOOKUP($L4,day_data!$A:$I,7,FALSE),0)),NA()) -> #N/A | S4: =IF($F$5,IF($L4="","",IFERROR(VLOOKUP($L4,day_data!$A:$I,8,FALSE),0)),NA()) -> 0.13333333 | T4: =IF($F$7,IF($L4="","",IFERROR(VLOOKUP($L4,day_data!$A:$I,9,FALSE),0)),NA()) -> #N/A
E5: 转化率 | F5: TRUE | L5: =IF(ROW(L5)-1>$C$1,"",L4+1) -> 43377 | M5: =IF($F$1,IF($L5="","",IFERROR(VLOOKUP($L5,day_data!$A:$I,2,FALSE),0)),NA()) -> 33 | N5: =IF($F$2,IF($L5="","",IFERROR(VLOOKUP($L5,day_data!$A:$I,3,FALSE),0)),NA()) -> #N/A | O5: =IF($F$3,IF($L5="","",IFERROR(VLOOKUP($L5,day_data!$A:$I,4,FALSE),0)),NA()) -> #N/A | P5: =IF($F$4,IF($L5="","",IFERROR(VLOOKUP($L5,day_data!$A:$I,5,FALSE),0)),NA()) -> #N/A | Q5: =IF($F$8,IF($L5="","",IFERROR(VLOOKUP($L5,day_data!$A:$I,6,FALSE),0)),NA()) -> #N/A | R5: =IF($F$6,IF($L5="","",IFERROR(VLOOKUP($L5,day_data!$A:$I,7,FALSE),0)),NA()) -> #N/A | S5: =IF($F$5,IF($L5="","",IFERROR(VLOOKUP($L5,day_data!$A:$I,8,FALSE),0)),NA()) -> 0.090909091 | T5: =IF($F$7,IF($L5="","",IFERROR(VLOOKUP($L5,day_data!$A:$I,9,FALSE),0)),NA()) -> #N/A
E6: 购买商品数 | F6: FALSE | L6: =IF(ROW(L6)-1>$C$1,"",L5+1) -> 43378 | M6: =IF($F$1,IF($L6="","",IFERROR(VLOOKUP($L6,day_data!$A:$I,2,FALSE),0)),NA()) -> 25 | N6: =IF($F$2,IF($L6="","",IFERROR(VLOOKUP($L6,day_data!$A:$I,3,FALSE),0)),NA()) -> #N/A | O6: =IF($F$3,IF($L6="","",IFERROR(VLOOKUP($L6,day_data!$A:$I,4,FALSE),0)),NA()) -> #N/A | P6: =IF($F$4,IF($L6="","",IFERROR(VLOOKUP($L6,day_data!$A:$I,5,FALSE),0)),NA()) -> #N/A | Q6: =IF($F$8,IF($L6="","",IFERROR(VLOOKUP($L6,day_data!$A:$I,6,FALSE),0)),NA()) -> #N/A | R6: =IF($F$6,IF($L6="","",IFERROR(VLOOKUP($L6,day_data!$A:$I,7,FALSE),0)),NA()) -> #N/A | S6: =IF($F$5,IF($L6="","",IFERROR(VLOOKUP($L6,day_data!$A:$I,8,FALSE),0)),NA()) -> 0.16 | T6: =IF($F$7,IF($L6="","",IFERROR(VLOOKUP($L6,day_data!$A:$I,9,FALSE),0)),NA()) -> #N/A
E7: 销售额 | F7: FALSE | L7: =IF(ROW(L7)-1>$C$1,"",L6+1) -> 43379 | M7: =IF($F$1,IF($L7="","",IFERROR(VLOOKUP($L7,day_data!$A:$I,2,FALSE),0)),NA()) -> 27 | N7: =IF($F$2,IF($L7="","",IFERROR(VLOOKUP($L7,day_data!$A:$I,3,FALSE),0)),NA()) -> #N/A | O7: =IF($F$3,IF($L7="","",IFERROR(VLOOKUP($L7,day_data!$A:$I,4,FALSE),0)),NA()) -> #N/A | P7: =IF($F$4,IF($L7="","",IFERROR(VLOOKUP($L7,day_data!$A:$I,5,FALSE),0)),NA()) -> #N/A | Q7: =IF($F$8,IF($L7="","",IFERROR(VLOOKUP($L7,day_data!$A:$I,6,FALSE),0)),NA()) -> #N/A | R7: =IF($F$6,IF($L7="","",IFERROR(VLOOKUP($L7,day_data!$A:$I,7,FALSE),0)),NA()) -> #N/A | S7: =IF($F$5,IF($L7="","",IFERROR(VLOOKUP($L7,day_data!$A:$I,8,FALSE),0)),NA()) -> 0 | T7: =IF($F$7,IF($L7="","",IFERROR(VLOOKUP($L7,day_data!$A:$I,9,FALSE),0)),NA()) -> #N/A
E8: Buybox率 | F8: FALSE | L8: =IF(ROW(L8)-1>$C$1,"",L7+1) -> 43380 | M8: =IF($F$1,IF($L8="","",IFERROR(VLOOKUP($L8,day_data!$A:$I,2,FALSE),0)),NA()) -> 38 | N8: =IF($F$2,IF($L8="","",IFERROR(VLOOKUP($L8,day_data!$A:$I,3,FALSE),0)),NA()) -> #N/A | O8: =IF($F$3,IF($L8="","",IFERROR(VLOOKUP($L8,day_data!$A:$I,4,FALSE),0)),NA()) -> #N/A | P8: =IF($F$4,IF($L8="","",IFERROR(VLOOKUP($L8,day_data!$A:$I,5,FALSE),0)),NA()) -> #N/A | Q8: =IF($F$8,IF($L8="","",IFERROR(VLOOKUP($L8,day_data!$A:$I,6,FALSE),0)),NA()) -> #N/A | R8: =IF($F$6,IF($L8="","",IFERROR(VLOOKUP($L8,day_data!$A:$I,7,FALSE),0)),NA()) -> #N/A | S8: =IF($F$5,IF($L8="","",IFERROR(VLOOKUP($L8,day_data!$A:$I,8,FALSE),0)),NA()) -> 0.026315789 | T8: =IF($F$7,IF($L8="","",IFERROR(VLOOKUP($L8,day_data!$A:$I,9,FALSE),0)),NA()) -> #N/A
L9: =IF(ROW(L9)-1>$C$1,"",L8+1) -> 43381 | M9: =IF($F$1,IF($L9="","",IFERROR(VLOOKUP($L9,day_data!$A:$I,2,FALSE),0)),NA()) -> 39 | N9: =IF($F$2,IF($L9="","",IFERROR(VLOOKUP($L9,day_data!$A:$I,3,FALSE),0)),NA()) -> #N/A | O9: =IF($F$3,IF($L9="","",IFERROR(VLOOKUP($L9,day_data!$A:$I,4,FALSE),0)),NA()) -> #N/A | P9: =IF($F$4,IF($L9="","",IFERROR(VLOOKUP($L9,day_data!$A:$I,5,FALSE),0)),NA()) -> #N/A | Q9: =IF($F$8,IF($L9="","",IFERROR(VLOOKUP($L9,day_data!$A:$I,6,FALSE),0)),NA()) -> #N/A | R9: =IF($F$6,IF($L9="","",IFERROR(VLOOKUP($L9,day_data!$A:$I,7,FALSE),0)),NA()) -> #N/A | S9: =IF($F$5,IF($L9="","",IFERROR(VLOOKUP($L9,day_data!$A:$I,8,FALSE),0)),NA()) -> 0.17948718 | T9: =IF($F$7,IF($L9="","",IFERROR(VLOOKUP($L9,day_data!$A:$I,9,FALSE),0)),NA()) -> #N/A
L10: =IF(ROW(L10)-1>$C$1,"",L9+1) -> 43382 | M10: =IF($F$1,IF($L10="","",IFERROR(VLOOKUP($L10,day_data!$A:$I,2,FALSE),0)),NA()) -> 35 | N10: =IF($F$2,IF($L10="","",IFERROR(VLOOKUP($L10,day_data!$A:$I,3,FALSE),0)),NA()) -> #N/A | O10: =IF($F$3,IF($L10="","",IFERROR(VLOOKUP($L10,day_data!$A:$I,4,FALSE),0)),NA()) -> #N/A | P10: =IF($F$4,IF($L10="","",IFERROR(VLOOKUP($L10,day_data!$A:$I,5,FALSE),0)),NA()) -> #N/A | Q10: =IF($F$8,IF($L10="","",IFERROR(VLOOKUP($L10,day_data!$A:$I,6,FALSE),0)),NA()) -> #N/A | R10: =IF($F$6,IF($L10="","",IFERROR(VLOOKUP($L10,day_data!$A:$I,7,FALSE),0)),NA()) -> #N/A | S10: =IF($F$5,IF($L10="","",IFERROR(VLOOKUP($L10,day_data!$A:$I,8,FALSE),0)),NA()) -> 0 | T10: =IF($F$7,IF($L10="","",IFERROR(VLOOKUP($L10,day_data!$A:$I,9,FALSE),0)),NA()) -> #N/A
L11: =IF(ROW(L11)-1>$C$1,"",L10+1) -> 43383 | M11: =IF($F$1,IF($L11="","",IFERROR(VLOOKUP($L11,day_data!$A:$I,2,FALSE),0)),NA()) -> 34 | N11: =IF($F$2,IF($L11="","",IFERROR(VLOOKUP($L11,day_data!$A:$I,3,FALSE),0)),NA()) -> #N/A | O11: =IF($F$3,IF($L11="","",IFERROR(VLOOKUP($L11,day_data!$A:$I,4,FALSE),0)),NA()) -> #N/A | P11: =IF($F$4,IF($L11="","",IFERROR(VLOOKUP($L11,day_data!$A:$I,5,FALSE),0)),NA()) -> #N/A | Q11: =IF($F$8,IF($L11="","",IFERROR(VLOOKUP($L11,day_data!$A:$I,6,FALSE),0)),NA()) -> #N/A | R11: =IF($F$6,IF($L11="","",IFERROR(VLOOKUP($L11,day_data!$A:$I,7,FALSE),0)),NA()) -> #N/A | S11: =IF($F$5,IF($L11="","",IFERROR(VLOOKUP($L11,day_data!$A:$I,8,FALSE),0)),NA()) -> 0.088235294 | T11: =IF($F$7,IF($L11="","",IFERROR(VLOOKUP($L11,day_data!$A:$I,9,FALSE),0)),NA()) -> #N/A
L12: =IF(ROW(L12)-1>$C$1,"",L11+1) -> 43384 | M12: =IF($F$1,IF($L12="","",IFERROR(VLOOKUP($L12,day_data!$A:$I,2,FALSE),0)),NA()) -> 33 | N12: =IF($F$2,IF($L12="","",IFERROR(VLOOKUP($L12,day_data!$A:$I,3,FALSE),0)),NA()) -> #N/A | O12: =IF($F$3,IF($L12="","",IFERROR(VLOOKUP($L12,day_data!$A:$I,4,FALSE),0)),NA()) -> #N/A | P12: =IF($F$4,IF($L12="","",IFERROR(VLOOKUP($L12,day_data!$A:$I,5,FALSE),0)),NA()) -> #N/A | Q12: =IF($F$8,IF($L12="","",IFERROR(VLOOKUP($L12,day_data!$A:$I,6,FALSE),0)),NA()) -> #N/A | R12: =IF($F$6,IF($L12="","",IFERROR(VLOOKUP($L12,day_data!$A:$I,7,FALSE),0)),NA()) -> #N/A | S12: =IF($F$5,IF($L12="","",IFERROR(VLOOKUP($L12,day_data!$A:$I,8,FALSE),0)),NA()) -> 0.060606061 | T12: =IF($F$7,IF($L12="","",IFERROR(VLOOKUP($L12,day_data!$A:$I,9,FALSE),0)),NA()) -> #N/A
L13: =IF(ROW(L13)-1>$C$1,"",L12+1) -> 43385 | M13: =IF($F$1,IF($L13="","",IFERROR(VLOOKUP($L13,day_data!$A:$I,2,FALSE),0)),NA()) -> 29 | N13: =IF($F$2,IF($L13="","",IFERROR(VLOOKUP($L13,day_data!$A:$I,3,FALSE),0)),NA()) -> #N/A | O13: =IF($F$3,IF($L13="","",IFERROR(VLOOKUP($L13,day_data!$A:$I,4,FALSE),0)),NA()) -> #N/A | P13: =IF($F$4,IF($L13="","",IFERROR(VLOOKUP($L13,day_data!$A:$I,5,FALSE),0)),NA()) -> #N/A | Q13: =IF($F$8,IF($L13="","",IFERROR(VLOOKUP($L13,day_data!$A:$I,6,FALSE),0)),NA()) -> #N/A | R13: =IF($F$6,IF($L13="","",IFERROR(VLOOKUP($L13,day_data!$A:$I,7,FALSE),0)),NA()) -> #N/A | S13: =IF($F$5,IF($L13="","",IFERROR(VLOOKUP($L13,day_data!$A:$I,8,FALSE),0)),NA()) -> 0.17241379 | T13: =IF($F$7,IF($L13="","",IFERROR(VLOOKUP($L13,day_data!$A:$I,9,FALSE),0)),NA()) -> #N/A
L14: =IF(ROW(L14)-1>$C$1,"",L13+1) -> 43386 | M14: =IF($F$1,IF($L14="","",IFERROR(VLOOKUP($L14,day_data!$A:$I,2,FALSE),0)),NA()) -> 27 | N14: =IF($F$2,IF($L14="","",IFERROR(VLOOKUP($L14,day_data!$A:$I,3,FALSE),0)),NA()) -> #N/A | O14: =IF($F$3,IF($L14="","",IFERROR(VLOOKUP($L14,day_data!$A:$I,4,FALSE),0)),NA()) -> #N/A | P14: =IF($F$4,IF($L14="","",IFERROR(VLOOKUP($L14,day_data!$A:$I,5,FALSE),0)),NA()) -> #N/A | Q14: =IF($F$8,IF($L14="","",IFERROR(VLOOKUP($L14,day_data!$A:$I,6,FALSE),0)),NA()) -> #N/A | R14: =IF($F$6,IF($L14="","",IFERROR(VLOOKUP($L14,day_data!$A:$I,7,FALSE),0)),NA()) -> #N/A | S14: =IF($F$5,IF($L14="","",IFERROR(VLOOKUP($L14,day_data!$A:$I,8,FALSE),0)),NA()) -> 0.037037037 | T14: =IF($F$7,IF($L14="","",IFERROR(VLOOKUP($L14,day_data!$A:$I,9,FALSE),0)),NA()) -> #N/A
L15: =IF(ROW(L15)-1>$C$1,"",L14+1) -> 43387 | M15: =IF($F$1,IF($L15="","",IFERROR(VLOOKUP($L15,day_data!$A:$I,2,FALSE),0)),NA()) -> 30 | N15: =IF($F$2,IF($L15="","",IFERROR(VLOOKUP($L15,day_data!$A:$I,3,FALSE),0)),NA()) -> #N/A | O15: =IF($F$3,IF($L15="","",IFERROR(VLOOKUP($L15,day_data!$A:$I,4,FALSE),0)),NA()) -> #N/A | P15: =IF($F$4,IF($L15="","",IFERROR(VLOOKUP($L15,day_data!$A:$I,5,FALSE),0)),NA()) -> #N/A | Q15: =IF($F$8,IF($L15="","",IFERROR(VLOOKUP($L15,day_data!$A:$I,6,FALSE),0)),NA()) -> #N/A | R15: =IF($F$6,IF($L15="","",IFERROR(VLOOKUP($L15,day_data!$A:$I,7,FALSE),0)),NA()) -> #N/A | S15: =IF($F$5,IF($L15="","",IFERROR(VLOOKUP($L15,day_data!$A:$I,8,FALSE),0)),NA()) -> 0.13333333 | T15: =IF($F$7,IF($L15="","",IFERROR(VLOOKUP($L15,day_data!$A:$I,9,FALSE),0)),NA()) -> #N/A
L16: =IF(ROW(L16)-1>$C$1,"",L15+1) -> 43388 | M16: =IF($F$1,IF($L16="","",IFERROR(VLOOKUP($L16,day_data!$A:$I,2,FALSE),0)),NA()) -> 31 | N16: =IF($F$2,IF($L16="","",IFERROR(VLOOKUP($L16,day_data!$A:$I,3,FALSE),0)),NA()) -> #N/A | O16: =IF($F$3,IF($L16="","",IFERROR(VLOOKUP($L16,day_data!$A:$I,4,FALSE),0)),NA()) -> #N/A | P16: =IF($F$4,IF($L16="","",IFERROR(VLOOKUP($L16,day_data!$A:$I,5,FALSE),0)),NA()) -> #N/A | Q16: =IF($F$8,IF($L16="","",IFERROR(VLOOKUP($L16,day_data!$A:$I,6,FALSE),0)),NA()) -> #N/A | R16: =IF($F$6,IF($L16="","",IFERROR(VLOOKUP($L16,day_data!$A:$I,7,FALSE),0)),NA()) -> #N/A | S16: =IF($F$5,IF($L16="","",IFERROR(VLOOKUP($L16,day_data!$A:$I,8,FALSE),0)),NA()) -> 0.12903226 | T16: =IF($F$7,IF($L16="","",IFERROR(VLOOKUP($L16,day_data!$A:$I,9,FALSE),0)),NA()) -> #N/A
L17: =IF(ROW(L17)-1>$C$1,"",L16+1) -> 43389 | M17: =IF($F$1,IF($L17="","",IFERROR(VLOOKUP($L17,day_data!$A:$I,2,FALSE),0)),NA()) -> 35 | N17: =IF($F$2,IF($L17="","",IFERROR(VLOOKUP($L17,day_data!$A:$I,3,FALSE),0)),NA()) -> #N/A | O17: =IF($F$3,IF($L17="","",IFERROR(VLOOKUP($L17,day_data!$A:$I,4,FALSE),0)),NA()) -> #N/A | P17: =IF($F$4,IF($L17="","",IFERROR(VLOOKUP($L17,day_data!$A:$I,5,FALSE),0)),NA()) -> #N/A | Q17: =IF($F$8,IF($L17="","",IFERROR(VLOOKUP($L17,day_data!$A:$I,6,FALSE),0)),NA()) -> #N/A | R17: =IF($F$6,IF($L17="","",IFERROR(VLOOKUP($L17,day_data!$A:$I,7,FALSE),0)),NA()) -> #N/A | S17: =IF($F$5,IF($L17="","",IFERROR(VLOOKUP($L17,day_data!$A:$I,8,FALSE),0)),NA()) -> 0.028571429 | T17: =IF($F$7,IF($L17="","",IFERROR(VLOOKUP($L17,day_data!$A:$I,9,FALSE),0)),NA()) -> #N/A
L18: =IF(ROW(L18)-1>$C$1,"",L17+1) -> 43390 | M18: =IF($F$1,IF($L18="","",IFERROR(VLOOKUP($L18,day_data!$A:$I,2,FALSE),0)),NA()) -> 35 | N18: =IF($F$2,IF($L18="","",IFERROR(VLOOKUP($L18,day_data!$A:$I,3,FALSE),0)),NA()) -> #N/A | O18: =IF($F$3,IF($L18="","",IFERROR(VLOOKUP($L18,day_data!$A:$I,4,FALSE),0)),NA()) -> #N/A | P18: =IF($F$4,IF($L18="","",IFERROR(VLOOKUP($L18,day_data!$A:$I,5,FALSE),0)),NA()) -> #N/A | Q18: =IF($F$8,IF($L18="","",IFERROR(VLOOKUP($L18,day_data!$A:$I,6,FALSE),0)),NA()) -> #N/A | R18: =IF($F$6,IF($L18="","",IFERROR(VLOOKUP($L18,day_data!$A:$I,7,FALSE),0)),NA()) -> #N/A | S18: =IF($F$5,IF($L18="","",IFERROR(VLOOKUP($L18,day_data!$A:$I,8,FALSE),0)),NA()) -> 0.085714286 | T18: =IF($F$7,IF($L18="","",IFERROR(VLOOKUP($L18,day_data!$A:$I,9,FALSE),0)),NA()) -> #N/A
L19: =IF(ROW(L19)-1>$C$1,"",L18+1) -> 43391 | M19: =IF($F$1,IF($L19="","",IFERROR(VLOOKUP($L19,day_data!$A:$I,2,FALSE),0)),NA()) -> 27 | N19: =IF($F$2,IF($L19="","",IFERROR(VLOOKUP($L19,day_data!$A:$I,3,FALSE),0)),NA()) -> #N/A | O19: =IF($F$3,IF($L19="","",IFERROR(VLOOKUP($L19,day_data!$A:$I,4,FALSE),0)),NA()) -> #N/A | P19: =IF($F$4,IF($L19="","",IFERROR(VLOOKUP($L19,day_data!$A:$I,5,FALSE),0)),NA()) -> #N/A | Q19: =IF($F$8,IF($L19="","",IFERROR(VLOOKUP($L19,day_data!$A:$I,6,FALSE),0)),NA()) -> #N/A | R19: =IF($F$6,IF($L19="","",IFERROR(VLOOKUP($L19,day_data!$A:$I,7,FALSE),0)),NA()) -> #N/A | S19: =IF($F$5,IF($L19="","",IFERROR(VLOOKUP($L19,day_data!$A:$I,8,FALSE),0)),NA()) -> 0.074074074 | T19: =IF($F$7,IF($L19="","",IFERROR(VLOOKUP($L19,day_data!$A:$I,9,FALSE),0)),NA()) -> #N/A
L20: =IF(ROW(L20)-1>$C$1,"",L19+1) -> 43392 | M20: =IF($F$1,IF($L20="","",IFERROR(VLOOKUP($L20,day_data!$A:$I,2,FALSE),0)),NA()) -> 34 | N20: =IF($F$2,IF($L20="","",IFERROR(VLOOKUP($L20,day_data!$A:$I,3,FALSE),0)),NA()) -> #N/A | O20: =IF($F$3,IF($L20="","",IFERROR(VLOOKUP($L20,day_data!$A:$I,4,FALSE),0)),NA()) -> #N/A | P20: =IF($F$4,IF($L20="","",IFERROR(VLOOKUP($L20,day_data!$A:$I,5,FALSE),0)),NA()) -> #N/A | Q20: =IF($F$8,IF($L20="","",IFERROR(VLOOKUP($L20,day_data!$A:$I,6,FALSE),0)),NA()) -> #N/A | R20: =IF($F$6,IF($L20="","",IFERROR(VLOOKUP($L20,day_data!$A:$I,7,FALSE),0)),NA()) -> #N/A | S20: =IF($F$5,IF($L20="","",IFERROR(VLOOKUP($L20,day_data!$A:$I,8,FALSE),0)),NA()) -> 0.058823529 | T20: =IF($F$7,IF($L20="","",IFERROR(VLOOKUP($L20,day_data!$A:$I,9,FALSE),0)),NA()) -> #N/A
... L934: =IF(ROW(L934)-1>$C$1,"",L933+1) | M934: =IF($F$1,IF($L934="","",IFERROR(VLOOKUP($L934,day_data!$A:$I,2,FALSE),0)),NA()) | N934: =IF($F$2,IF($L934="","",IFERROR(VLOOKUP($L934,day_data!$A:$I,3,FALSE),0)),NA()) -> #N/A | O934: =IF($F$3,IF($L934="","",IFERROR(VLOOKUP($L934,day_data!$A:$I,4,FALSE),0)),NA()) -> #N/A | P934: =IF($F$4,IF($L934="","",IFERROR(VLOOKUP($L934,day_data!$A:$I,5,FALSE),0)),NA()) -> #N/A | Q934: =IF($F$8,IF($L934="","",IFERROR(VLOOKUP($L934,day_data!$A:$I,6,FALSE),0)),NA()) -> #N/A | R934: =IF($F$6,IF($L934="","",IFERROR(VLOOKUP($L934,day_data!$A:$I,7,FALSE),0)),NA()) -> #N/A | S934: =IF($F$5,IF($L934="","",IFERROR(VLOOKUP($L934,day_data!$A:$I,8,FALSE),0)),NA()) | T934: =IF($F$7,IF($L934="","",IFERROR(VLOOKUP($L934,day_data!$A:$I,9,FALSE),0)),NA()) -> #N/A

Sheet 多维度分析表（日）
P1: 起始日期： | Q1: =MIN(day_控件!L2:L295) -> 43374
O2: 2
P3: 截止日期： | Q3: =MAX(day_控件!L2:L295) -> 43440
P4: 天数： | Q4: =Q3-Q1 -> 66
C6: 访客数
C7: 访客占比
C8: 浏览次数
C9: 浏览占比
C10: 转化率
C11: 购买商品数
C12: 销售额
C13: Buybox率

Sheet week_data
A1: 日期 | B1: 求和项:访问数 | C1: 访客环比 | D1: 求和项:页面浏览次数 | E1: 浏览环比 | F1: 求和项:商品数 | G1: 平均值项:订单转换率 | H1: 求和项:销售额 | I1: 平均值项:BuyBox率 | K1: 24 | L1: 周:访客量 | M1: TRUE | R1: 周:访客量 | S1: 访客环比 | T1: 周:浏览次数 | U1: 浏览环比 | V1: 周:转化率 | W1: 购买件数 | X1: 周:销售金额 | Y1: 购物车获得率
A2: 2018-5-28 - 2018-6-3 | B2: 3 | D2: 4 | F2: 0 | G2: 0 | H2: 0 | I2: 1 | L2: 访客环比 | M2: FALSE | P2: =IF(week_data!$Q2<>FALSE,1,"") -> 1 | Q2: =IF(ROW(Q2)>$K$1+1,FALSE,IF(A2<>"",A2,FALSE)) -> 2018-5-28 - 2018-6-3 | R2: =IF($M$1,IF(B2<>"",B2,NA()),NA()) -> 3 | S2: =IF($M$2,IF(C2<>"",C2,NA()),NA()) -> #N/A | T2: =IF($M$3,IF(D2<>"",D2,NA()),NA()) -> #N/A | U2: =IF($M$4,IF(E2<>"",E2,NA()),NA()) -> #N/A | V2: =IF($M$5,IF(G2<>"",G2,NA()),NA()) -> #N/A | W2: =IF($M$6,IF(F2<>"",F2,NA()),NA()) -> #N/A | X2: =IF($M$7,IF(H2<>"",H2,NA()),NA()) -> #N/A | Y2: =IF($M$8,IF(I2<>"",I2,NA()),NA()) -> #N/A
A3: 2018-6-11 - 2018-6-17 | B3: 53 | C3: 16.666667 | D3: 66 | E3: 15.5 | F3: 6 | G3: 0.14025974 | H3: 137.94 | I3: 1 | L3: 周:浏览次数 | M3: FALSE | P3: =IF(week_data!$Q3<>FALSE,P2+1,"") -> 2 | Q3: =IF(ROW(Q3)>$K$1+1,FALSE,IF(A3<>"",A3,FALSE)) -> 2018-6-11 - 2018-6-17 | R3: =IF($M$1,IF(B3<>"",B3,NA()),NA()) -> 53 | S3: =IF($M$2,IF(C3<>"",C3,NA()),NA()) -> #N/A | T3: =IF($M$3,IF(D3<>"",D3,NA()),NA()) -> #N/A | U3: =IF($M$4,IF(E3<>"",E3,NA()),NA()) -> #N/A | V3: =IF($M$5,IF(G3<>"",G3,NA()),NA()) -> #N/A | W3: =IF($M$6,IF(F3<>"",F3,NA()),NA()) -> #N/A | X3: =IF($M$7,IF(H3<>"",H3,NA()),NA()) -> #N/A | Y3: =IF($M$8,IF(I3<>"",I3,NA()),NA()) -> #N/A
A4: 2018-6-18 - 2018-6-24 | B4: 60 | C4: 0.13207547 | D4: 74 | E4: 0.12121212 | F4: 2 | G4: 0.023809524 | H4: 41.98 | I4: 1 | L4: 浏览环比 | M4: FALSE | P4: =IF(week_data!$Q4<>FALSE,P3+1,"") -> 3 | Q4: =IF(ROW(Q4)>$K$1+1,FALSE,IF(A4<>"",A4,FALSE)) -> 2018-6-18 - 2018-6-24 | R4: =IF($M$1,IF(B4<>"",B4,NA()),NA()) -> 60 | S4: =IF($M$2,IF(C4<>"",C4,NA()),NA()) -> #N/A | T4: =IF($M$3,IF(D4<>"",D4,NA()),NA()) -> #N/A | U4: =IF($M$4,IF(E4<>"",E4,NA()),NA()) -> #N/A | V4: =IF($M$5,IF(G4<>"",G4,NA()),NA()) -> #N/A | W4: =IF($M$6,IF(F4<>"",F4,NA()),NA()) -> #N/A | X4: =IF($M$7,IF(H4<>"",H4,NA()),NA()) -> #N/A | Y4: =IF($M$8,IF(I4<>"",I4,NA()),NA()) -> #N/A
A5: 2018-6-25 - 2018-7-1 | B5: 91 | C5: 0.51666667 | D5: 113 | E5: 0.52702703 | F5: 11 | G5: 0.082557638 | H5: 230.89 | I5: 1 | L5: 周:转化率 | M5: FALSE | P5: =IF(week_data!$Q5<>FALSE,P4+1,"") -> 4 | Q5: =IF(ROW(Q5)>$K$1+1,FALSE,IF(A5<>"",A5,FALSE)) -> 2018-6-25 - 2018-7-1 | R5: =IF($M$1,IF(B5<>"",B5,NA()),NA()) -> 91 | S5: =IF($M$2,IF(C5<>"",C5,NA()),NA()) -> #N/A | T5: =IF($M$3,IF(D5<>"",D5,NA()),NA()) -> #N/A | U5: =IF($M$4,IF(E5<>"",E5,NA()),NA()) -> #N/A | V5: =IF($M$5,IF(G5<>"",G5,NA()),NA()) -> #N/A | W5: =IF($M$6,IF(F5<>"",F5,NA()),NA()) -> #N/A | X5: =IF($M$7,IF(H5<>"",H5,NA()),NA()) -> #N/A | Y5: =IF($M$8,IF(I5<>"",I5,NA()),NA()) -> #N/A
A6: 2018-10-1 - 2018-10-7 | B6: 227 | C6: 1.4945055 | D6: 407 | E6: 2.6017699 | F6: 18 | G6: 0.082091148 | H6: 494.82 | I6: 1 | L6: 购买件数 | M6: FALSE | P6: =IF(week_data!$Q6<>FALSE,P5+1,"") -> 5 | Q6: =IF(ROW(Q6)>$K$1+1,FALSE,IF(A6<>"",A6,FALSE)) -> 2018-10-1 - 2018-10-7 | R6: =IF($M$1,IF(B6<>"",B6,NA()),NA()) -> 227 | S6: =IF($M$2,IF(C6<>"",C6,NA()),NA()) -> #N/A | T6: =IF($M$3,IF(D6<>"",D6,NA()),NA()) -> #N/A | U6: =IF($M$4,IF(E6<>"",E6,NA()),NA()) -> #N/A | V6: =IF($M$5,IF(G6<>"",G6,NA()),NA()) -> #N/A | W6: =IF($M$6,IF(F6<>"",F6,NA()),NA()) -> #N/A | X6: =IF($M$7,IF(H6<>"",H6,NA()),NA()) -> #N/A | Y6: =IF($M$8,IF(I6<>"",I6,NA()),NA()) -> #N/A
A7: 2018-10-8 - 2018-10-14 | B7: 227 | C7: 0 | D7: 340 | E7: -0.16461916 | F7: 25 | G7: 0.095873243 | H7: 687.25 | I7: 1 | L7: 周:销售金额 | M7: FALSE | P7: =IF(week_data!$Q7<>FALSE,P6+1,"") -> 6 | Q7: =IF(ROW(Q7)>$K$1+1,FALSE,IF(A7<>"",A7,FALSE)) -> 2018-10-8 - 2018-10-14 | R7: =IF($M$1,IF(B7<>"",B7,NA()),NA()) -> 227 | S7: =IF($M$2,IF(C7<>"",C7,NA()),NA()) -> #N/A | T7: =IF($M$3,IF(D7<>"",D7,NA()),NA()) -> #N/A | U7: =IF($M$4,IF(E7<>"",E7,NA()),NA()) -> #N/A | V7: =IF($M$5,IF(G7<>"",G7,NA()),NA()) -> #N/A | W7: =IF($M$6,IF(F7<>"",F7,NA()),NA()) -> #N/A | X7: =IF($M$7,IF(H7<>"",H7,NA()),NA()) -> #N/A | Y7: =IF($M$8,IF(I7<>"",I7,NA()),NA()) -> #N/A
A8: 2018-10-15 - 2018-10-21 | B8: 212 | C8: -0.066079295 | D8: 273 | E8: -0.19705882 | F8: 17 | G8: 0.080252237 | H8: 439.84 | I8: 1 | L8: 购物车获得率 | M8: FALSE | P8: =IF(week_data!$Q8<>FALSE,P7+1,"") -> 7 | Q8: =IF(ROW(Q8)>$K$1+1,FALSE,IF(A8<>"",A8,FALSE)) -> 2018-10-15 - 2018-10-21 | R8: =IF($M$1,IF(B8<>"",B8,NA()),NA()) -> 212 | S8: =IF($M$2,IF(C8<>"",C8,NA()),NA()) -> #N/A | T8: =IF($M$3,IF(D8<>"",D8,NA()),NA()) -> #N/A | U8: =IF($M$4,IF(E8<>"",E8,NA()),NA()) -> #N/A | V8: =IF($M$5,IF(G8<>"",G8,NA()),NA()) -> #N/A | W8: =IF($M$6,IF(F8<>"",F8,NA()),NA()) -> #N/A | X8: =IF($M$7,IF(H8<>"",H8,NA()),NA()) -> #N/A | Y8: =IF($M$8,IF(I8<>"",I8,NA()),NA()) -> #N/A
A9: 2018-10-22 - 2018-10-28 | B9: 172 | C9: -0.18867925 | D9: 225 | E9: -0.17582418 | F9: 15 | G9: 0.086793976 | H9: 416.91 | I9: 0.99142857 | P9: =IF(week_data!$Q9<>FALSE,P8+1,"") -> 8 | Q9: =IF(ROW(Q9)>$K$1+1,FALSE,IF(A9<>"",A9,FALSE)) -> 2018-10-22 - 2018-10-28 | R9: =IF($M$1,IF(B9<>"",B9,NA()),NA()) -> 172 | S9: =IF($M$2,IF(C9<>"",C9,NA()),NA()) -> #N/A | T9: =IF($M$3,IF(D9<>"",D9,NA()),NA()) -> #N/A | U9: =IF($M$4,IF(E9<>"",E9,NA()),NA()) -> #N/A | V9: =IF($M$5,IF(G9<>"",G9,NA()),NA()) -> #N/A | W9: =IF($M$6,IF(F9<>"",F9,NA()),NA()) -> #N/A | X9: =IF($M$7,IF(H9<>"",H9,NA()),NA()) -> #N/A | Y9: =IF($M$8,IF(I9<>"",I9,NA()),NA()) -> #N/A
A10: 2018-10-29 - 2018-11-4 | B10: 159 | C10: -0.075581395 | D10: 194 | E10: -0.13777778 | F10: 14 | G10: 0.091341009 | H10: 390.18 | I10: 1 | P10: =IF(week_data!$Q10<>FALSE,P9+1,"") -> 9 | Q10: =IF(ROW(Q10)>$K$1+1,FALSE,IF(A10<>"",A10,FALSE)) -> 2018-10-29 - 2018-11-4 | R10: =IF($M$1,IF(B10<>"",B10,NA()),NA()) -> 159 | S10: =IF($M$2,IF(C10<>"",C10,NA()),NA()) -> #N/A | T10: =IF($M$3,IF(D10<>"",D10,NA()),NA()) -> #N/A | U10: =IF($M$4,IF(E10<>"",E10,NA()),NA()) -> #N/A | V10: =IF($M$5,IF(G10<>"",G10,NA()),NA()) -> #N/A | W10: =IF($M$6,IF(F10<>"",F10,NA()),NA()) -> #N/A | X10: =IF($M$7,IF(H10<>"",H10,NA()),NA()) -> #N/A | Y10: =IF($M$8,IF(I10<>"",I10,NA()),NA()) -> #N/A
A11: 2018-11-5 - 2018-11-11 | B11: 109 | C11: -0.31446541 | D11: 133 | E11: -0.31443299 | F11: 10 | G11: 0.11376965 | H11: 278.7 | I11: 1 | P11: =IF(week_data!$Q11<>FALSE,P10+1,"") -> 10 | Q11: =IF(ROW(Q11)>$K$1+1,FALSE,IF(A11<>"",A11,FALSE)) -> 2018-11-5 - 2018-11-11 | R11: =IF($M$1,IF(B11<>"",B11,NA()),NA()) -> 109 | S11: =IF($M$2,IF(C11<>"",C11,NA()),NA()) -> #N/A | T11: =IF($M$3,IF(D11<>"",D11,NA()),NA()) -> #N/A | U11: =IF($M$4,IF(E11<>"",E11,NA()),NA()) -> #N/A | V11: =IF($M$5,IF(G11<>"",G11,NA()),NA()) -> #N/A | W11: =IF($M$6,IF(F11<>"",F11,NA()),NA()) -> #N/A | X11: =IF($M$7,IF(H11<>"",H11,NA()),NA()) -> #N/A | Y11: =IF($M$8,IF(I11<>"",I11,NA()),NA()) -> #N/A
A12: 2018-11-12 - 2018-11-18 | B12: 37 | C12: -0.66055046 | D12: 55 | E12: -0.58646617 | F12: 1 | G12: 0.035714286 | H12: 27.87 | I12: 1 | P12: =IF(week_data!$Q12<>FALSE,P11+1,"") -> 11 | Q12: =IF(ROW(Q12)>$K$1+1,FALSE,IF(A12<>"",A12,FALSE)) -> 2018-11-12 - 2018-11-18 | R12: =IF($M$1,IF(B12<>"",B12,NA()),NA()) -> 37 | S12: =IF($M$2,IF(C12<>"",C12,NA()),NA()) -> #N/A | T12: =IF($M$3,IF(D12<>"",D12,NA()),NA()) -> #N/A | U12: =IF($M$4,IF(E12<>"",E12,NA()),NA()) -> #N/A | V12: =IF($M$5,IF(G12<>"",G12,NA()),NA()) -> #N/A | W12: =IF($M$6,IF(F12<>"",F12,NA()),NA()) -> #N/A | X12: =IF($M$7,IF(H12<>"",H12,NA()),NA()) -> #N/A | Y12: =IF($M$8,IF(I12<>"",I12,NA()),NA()) -> #N/A
A13: 2018-11-19 - 2018-11-25 | B13: 80 | C13: 1.1621622 | D13: 116 | E13: 1.1090909 | F13: 4 | G13: 0.04978355 | H13: 117.84 | I13: 0.99571429 | P13: =IF(week_data!$Q13<>FALSE,P12+1,"") -> 12 | Q13: =IF(ROW(Q13)>$K$1+1,FALSE,IF(A13<>"",A13,FALSE)) -> 2018-11-19 - 2018-11-25 | R13: =IF($M$1,IF(B13<>"",B13,NA()),NA()) -> 80 | S13: =IF($M$2,IF(C13<>"",C13,NA()),NA()) -> #N/A | T13: =IF($M$3,IF(D13<>"",D13,NA()),NA()) -> #N/A | U13: =IF($M$4,IF(E13<>"",E13,NA()),NA()) -> #N/A | V13: =IF($M$5,IF(G13<>"",G13,NA()),NA()) -> #N/A | W13: =IF($M$6,IF(F13<>"",F13,NA()),NA()) -> #N/A | X13: =IF($M$7,IF(H13<>"",H13,NA()),NA()) -> #N/A | Y13: =IF($M$8,IF(I13<>"",I13,NA()),NA()) -> #N/A
A14: 2018-11-26 - 2018-12-2 | B14: 38 | C14: -0.525 | D14: 45 | E14: -0.61206897 | F14: 5 | G14: 0.12295918 | H14: 149.95 | I14: 1 | P14: =IF(week_data!$Q14<>FALSE,P13+1,"") -> 13 | Q14: =IF(ROW(Q14)>$K$1+1,FALSE,IF(A14<>"",A14,FALSE)) -> 2018-11-26 - 2018-12-2 | R14: =IF($M$1,IF(B14<>"",B14,NA()),NA()) -> 38 | S14: =IF($M$2,IF(C14<>"",C14,NA()),NA()) -> #N/A | T14: =IF($M$3,IF(D14<>"",D14,NA()),NA()) -> #N/A | U14: =IF($M$4,IF(E14<>"",E14,NA()),NA()) -> #N/A | V14: =IF($M$5,IF(G14<>"",G14,NA()),NA()) -> #N/A | W14: =IF($M$6,IF(F14<>"",F14,NA()),NA()) -> #N/A | X14: =IF($M$7,IF(H14<>"",H14,NA()),NA()) -> #N/A | Y14: =IF($M$8,IF(I14<>"",I14,NA()),NA()) -> #N/A
A15: 2018-12-3 - 2018-12-9 | B15: 63 | C15: 0.65789474 | D15: 82 | E15: 0.82222222 | F15: 4 | G15: 0.040972222 | H15: 119.96 | I15: 1 | P15: =IF(week_data!$Q15<>FALSE,P14+1,"") -> 14 | Q15: =IF(ROW(Q15)>$K$1+1,FALSE,IF(A15<>"",A15,FALSE)) -> 2018-12-3 - 2018-12-9 | R15: =IF($M$1,IF(B15<>"",B15,NA()),NA()) -> 63 | S15: =IF($M$2,IF(C15<>"",C15,NA()),NA()) -> #N/A | T15: =IF($M$3,IF(D15<>"",D15,NA()),NA()) -> #N/A | U15: =IF($M$4,IF(E15<>"",E15,NA()),NA()) -> #N/A | V15: =IF($M$5,IF(G15<>"",G15,NA()),NA()) -> #N/A | W15: =IF($M$6,IF(F15<>"",F15,NA()),NA()) -> #N/A | X15: =IF($M$7,IF(H15<>"",H15,NA()),NA()) -> #N/A | Y15: =IF($M$8,IF(I15<>"",I15,NA()),NA()) -> #N/A
A16: 2018-12-10 - 2018-12-16 | B16: 85 | C16: 0.34920635 | D16: 120 | E16: 0.46341463 | F16: 11 | G16: 0.12518689 | H16: 299.9 | I16: 1 | P16: =IF(week_data!$Q16<>FALSE,P15+1,"") -> 15 | Q16: =IF(ROW(Q16)>$K$1+1,FALSE,IF(A16<>"",A16,FALSE)) -> 2018-12-10 - 2018-12-16 | R16: =IF($M$1,IF(B16<>"",B16,NA()),NA()) -> 85 | S16: =IF($M$2,IF(C16<>"",C16,NA()),NA()) -> #N/A | T16: =IF($M$3,IF(D16<>"",D16,NA()),NA()) -> #N/A | U16: =IF($M$4,IF(E16<>"",E16,NA()),NA()) -> #N/A | V16: =IF($M$5,IF(G16<>"",G16,NA()),NA()) -> #N/A | W16: =IF($M$6,IF(F16<>"",F16,NA()),NA()) -> #N/A | X16: =IF($M$7,IF(H16<>"",H16,NA()),NA()) -> #N/A | Y16: =IF($M$8,IF(I16<>"",I16,NA()),NA()) -> #N/A
A17: 2018-12-17 - 2018-12-23 | B17: 68 | C17: -0.2 | D17: 90 | E17: -0.25 | F17: 2 | G17: 0.02050581 | H17: 59.98 | I17: 1 | P17: =IF(week_data!$Q17<>FALSE,P16+1,"") -> 16 | Q17: =IF(ROW(Q17)>$K$1+1,FALSE,IF(A17<>"",A17,FALSE)) -> 2018-12-17 - 2018-12-23 | R17: =IF($M$1,IF(B17<>"",B17,NA()),NA()) -> 68 | S17: =IF($M$2,IF(C17<>"",C17,NA()),NA()) -> #N/A | T17: =IF($M$3,IF(D17<>"",D17,NA()),NA()) -> #N/A | U17: =IF($M$4,IF(E17<>"",E17,NA()),NA()) -> #N/A | V17: =IF($M$5,IF(G17<>"",G17,NA()),NA()) -> #N/A | W17: =IF($M$6,IF(F17<>"",F17,NA()),NA()) -> #N/A | X17: =IF($M$7,IF(H17<>"",H17,NA()),NA()) -> #N/A | Y17: =IF($M$8,IF(I17<>"",I17,NA()),NA()) -> #N/A
A18: 2018-12-24 - 2018-12-25 | B18: 17 | C18: -0.75 | D18: 27 | E18: -0.7 | F18: 2 | G18: 0.11805556 | H18: 59.98 | I18: 1 | P18: =IF(week_data!$Q18<>FALSE,P17+1,"") -> 17 | Q18: =IF(ROW(Q18)>$K$1+1,FALSE,IF(A18<>"",A18,FALSE)) -> 2018-12-24 - 2018-12-25 | R18: =IF($M$1,IF(B18<>"",B18,NA()),NA()) -> 17 | S18: =IF($M$2,IF(C18<>"",C18,NA()),NA()) -> #N/A | T18: =IF($M$3,IF(D18<>"",D18,NA()),NA()) -> #N/A | U18: =IF($M$4,IF(E18<>"",E18,NA()),NA()) -> #N/A | V18: =IF($M$5,IF(G18<>"",G18,NA()),NA()) -> #N/A | W18: =IF($M$6,IF(F18<>"",F18,NA()),NA()) -> #N/A | X18: =IF($M$7,IF(H18<>"",H18,NA()),NA()) -> #N/A | Y18: =IF($M$8,IF(I18<>"",I18,NA()),NA()) -> #N/A
P19: =IF(week_data!$Q19<>FALSE,P18+1,"") | Q19: =IF(ROW(Q19)>$K$1+1,FALSE,IF(A19<>"",A19,FALSE)) -> FALSE | R19: =IF($M$1,IF(B19<>"",B19,NA()),NA()) -> #N/A | S19: =IF($M$2,IF(C19<>"",C19,NA()),NA()) -> #N/A | T19: =IF($M$3,IF(D19<>"",D19,NA()),NA()) -> #N/A | U19: =IF($M$4,IF(E19<>"",E19,NA()),NA()) -> #N/A | V19: =IF($M$5,IF(G19<>"",G19,NA()),NA()) -> #N/A | W19: =IF($M$6,IF(F19<>"",F19,NA()),NA()) -> #N/A | X19: =IF($M$7,IF(H19<>"",H19,NA()),NA()) -> #N/A | Y19: =IF($M$8,IF(I19<>"",I19,NA()),NA()) -> #N/A
P20: =IF(week_data!$Q20<>FALSE,P19+1,"") | Q20: =IF(ROW(Q20)>$K$1+1,FALSE,IF(A20<>"",A20,FALSE)) -> FALSE | R20: =IF($M$1,IF(B20<>"",B20,NA()),NA()) -> #N/A | S20: =IF($M$2,IF(C20<>"",C20,NA()),NA()) -> #N/A | T20: =IF($M$3,IF(D20<>"",D20,NA()),NA()) -> #N/A | U20: =IF($M$4,IF(E20<>"",E20,NA()),NA()) -> #N/A | V20: =IF($M$5,IF(G20<>"",G20,NA()),NA()) -> #N/A | W20: =IF($M$6,IF(F20<>"",F20,NA()),NA()) -> #N/A | X20: =IF($M$7,IF(H20<>"",H20,NA()),NA()) -> #N/A | Y20: =IF($M$8,IF(I20<>"",I20,NA()),NA()) -> #N/A
P21: =IF(week_data!$Q21<>FALSE,P20+1,"") | Q21: =IF(ROW(Q21)>$K$1+1,FALSE,IF(A21<>"",A21,FALSE)) -> FALSE | R21: =IF($M$1,IF(B21<>"",B21,NA()),NA()) -> #N/A | S21: =IF($M$2,IF(C21<>"",C21,NA()),NA()) -> #N/A | T21: =IF($M$3,IF(D21<>"",D21,NA()),NA()) -> #N/A | U21: =IF($M$4,IF(E21<>"",E21,NA()),NA()) -> #N/A | V21: =IF($M$5,IF(G21<>"",G21,NA()),NA()) -> #N/A | W21: =IF($M$6,IF(F21<>"",F21,NA()),NA()) -> #N/A | X21: =IF($M$7,IF(H21<>"",H21,NA()),NA()) -> #N/A | Y21: =IF($M$8,IF(I21<>"",I21,NA()),NA()) -> #N/A
P22: =IF(week_data!$Q22<>FALSE,P21+1,"") | Q22: =IF(ROW(Q22)>$K$1+1,FALSE,IF(A22<>"",A22,FALSE)) -> FALSE | R22: =IF($M$1,IF(B22<>"",B22,NA()),NA()) -> #N/A | S22: =IF($M$2,IF(C22<>"",C22,NA()),NA()) -> #N/A | T22: =IF($M$3,IF(D22<>"",D22,NA()),NA()) -> #N/A | U22: =IF($M$4,IF(E22<>"",E22,NA()),NA()) -> #N/A | V22: =IF($M$5,IF(G22<>"",G22,NA()),NA()) -> #N/A | W22: =IF($M$6,IF(F22<>"",F22,NA()),NA()) -> #N/A | X22: =IF($M$7,IF(H22<>"",H22,NA()),NA()) -> #N/A | Y22: =IF($M$8,IF(I22<>"",I22,NA()),NA()) -> #N/A
P23: =IF(week_data!$Q23<>FALSE,P22+1,"") | Q23: =IF(ROW(Q23)>$K$1+1,FALSE,IF(A23<>"",A23,FALSE)) -> FALSE | R23: =IF($M$1,IF(B23<>"",B23,NA()),NA()) -> #N/A | S23: =IF($M$2,IF(C23<>"",C23,NA()),NA()) -> #N/A | T23: =IF($M$3,IF(D23<>"",D23,NA()),NA()) -> #N/A | U23: =IF($M$4,IF(E23<>"",E23,NA()),NA()) -> #N/A | V23: =IF($M$5,IF(G23<>"",G23,NA()),NA()) -> #N/A | W23: =IF($M$6,IF(F23<>"",F23,NA()),NA()) -> #N/A | X23: =IF($M$7,IF(H23<>"",H23,NA()),NA()) -> #N/A | Y23: =IF($M$8,IF(I23<>"",I23,NA()),NA()) -> #N/A
P24: =IF(week_data!$Q24<>FALSE,P23+1,"") | Q24: =IF(ROW(Q24)>$K$1+1,FALSE,IF(A24<>"",A24,FALSE)) -> FALSE | R24: =IF($M$1,IF(B24<>"",B24,NA()),NA()) -> #N/A | S24: =IF($M$2,IF(C24<>"",C24,NA()),NA()) -> #N/A | T24: =IF($M$3,IF(D24<>"",D24,NA()),NA()) -> #N/A | U24: =IF($M$4,IF(E24<>"",E24,NA()),NA()) -> #N/A | V24: =IF($M$5,IF(G24<>"",G24,NA()),NA()) -> #N/A | W24: =IF($M$6,IF(F24<>"",F24,NA()),NA()) -> #N/A | X24: =IF($M$7,IF(H24<>"",H24,NA()),NA()) -> #N/A | Y24: =IF($M$8,IF(I24<>"",I24,NA()),NA()) -> #N/A
P25: =IF(week_data!$Q25<>FALSE,P24+1,"") | Q25: =IF(ROW(Q25)>$K$1+1,FALSE,IF(A25<>"",A25,FALSE)) -> FALSE | R25: =IF($M$1,IF(B25<>"",B25,NA()),NA()) -> #N/A | S25: =IF($M$2,IF(C25<>"",C25,NA()),NA()) -> #N/A | T25: =IF($M$3,IF(D25<>"",D25,NA()),NA()) -> #N/A | U25: =IF($M$4,IF(E25<>"",E25,NA()),NA()) -> #N/A | V25: =IF($M$5,IF(G25<>"",G25,NA()),NA()) -> #N/A | W25: =IF($M$6,IF(F25<>"",F25,NA()),NA()) -> #N/A | X25: =IF($M$7,IF(H25<>"",H25,NA()),NA()) -> #N/A | Y25: =IF($M$8,IF(I25<>"",I25,NA()),NA()) -> #N/A
P26: =IF(week_data!$Q26<>FALSE,P25+1,"") | Q26: =IF(ROW(Q26)>$K$1+1,FALSE,IF(A26<>"",A26,FALSE)) -> FALSE | R26: =IF($M$1,IF(B26<>"",B26,NA()),NA()) -> #N/A | S26: =IF($M$2,IF(C26<>"",C26,NA()),NA()) -> #N/A | T26: =IF($M$3,IF(D26<>"",D26,NA()),NA()) -> #N/A | U26: =IF($M$4,IF(E26<>"",E26,NA()),NA()) -> #N/A | V26: =IF($M$5,IF(G26<>"",G26,NA()),NA()) -> #N/A | W26: =IF($M$6,IF(F26<>"",F26,NA()),NA()) -> #N/A | X26: =IF($M$7,IF(H26<>"",H26,NA()),NA()) -> #N/A | Y26: =IF($M$8,IF(I26<>"",I26,NA()),NA()) -> #N/A
P27: =IF(week_data!$Q27<>FALSE,P26+1,"") | Q27: =IF(ROW(Q27)>$K$1+1,FALSE,IF(A27<>"",A27,FALSE)) -> FALSE | R27: =IF($M$1,IF(B27<>"",B27,NA()),NA()) -> #N/A | S27: =IF($M$2,IF(C27<>"",C27,NA()),NA()) -> #N/A | T27: =IF($M$3,IF(D27<>"",D27,NA()),NA()) -> #N/A | U27: =IF($M$4,IF(E27<>"",E27,NA()),NA()) -> #N/A | V27: =IF($M$5,IF(G27<>"",G27,NA()),NA()) -> #N/A | W27: =IF($M$6,IF(F27<>"",F27,NA()),NA()) -> #N/A | X27: =IF($M$7,IF(H27<>"",H27,NA()),NA()) -> #N/A | Y27: =IF($M$8,IF(I27<>"",I27,NA()),NA()) -> #N/A
P28: =IF(week_data!$Q28<>FALSE,P27+1,"") | Q28: =IF(ROW(Q28)>$K$1+1,FALSE,IF(A28<>"",A28,FALSE)) -> FALSE | R28: =IF($M$1,IF(B28<>"",B28,NA()),NA()) -> #N/A | S28: =IF($M$2,IF(C28<>"",C28,NA()),NA()) -> #N/A | T28: =IF($M$3,IF(D28<>"",D28,NA()),NA()) -> #N/A | U28: =IF($M$4,IF(E28<>"",E28,NA()),NA()) -> #N/A | V28: =IF($M$5,IF(G28<>"",G28,NA()),NA()) -> #N/A | W28: =IF($M$6,IF(F28<>"",F28,NA()),NA()) -> #N/A | X28: =IF($M$7,IF(H28<>"",H28,NA()),NA()) -> #N/A | Y28: =IF($M$8,IF(I28<>"",I28,NA()),NA()) -> #N/A
P29: =IF(week_data!$Q29<>FALSE,P28+1,"") | Q29: =IF(ROW(Q29)>$K$1+1,FALSE,IF(A29<>"",A29,FALSE)) -> FALSE | R29: =IF($M$1,IF(B29<>"",B29,NA()),NA()) -> #N/A | S29: =IF($M$2,IF(C29<>"",C29,NA()),NA()) -> #N/A | T29: =IF($M$3,IF(D29<>"",D29,NA()),NA()) -> #N/A | U29: =IF($M$4,IF(E29<>"",E29,NA()),NA()) -> #N/A | V29: =IF($M$5,IF(G29<>"",G29,NA()),NA()) -> #N/A | W29: =IF($M$6,IF(F29<>"",F29,NA()),NA()) -> #N/A | X29: =IF($M$7,IF(H29<>"",H29,NA()),NA()) -> #N/A | Y29: =IF($M$8,IF(I29<>"",I29,NA()),NA()) -> #N/A
P30: =IF(week_data!$Q30<>FALSE,P29+1,"") | Q30: =IF(ROW(Q30)>$K$1+1,FALSE,IF(A30<>"",A30,FALSE)) -> FALSE | R30: =IF($M$1,IF(B30<>"",B30,NA()),NA()) -> #N/A | S30: =IF($M$2,IF(C30<>"",C30,NA()),NA()) -> #N/A | T30: =IF($M$3,IF(D30<>"",D30,NA()),NA()) -> #N/A | U30: =IF($M$4,IF(E30<>"",E30,NA()),NA()) -> #N/A | V30: =IF($M$5,IF(G30<>"",G30,NA()),NA()) -> #N/A | W30: =IF($M$6,IF(F30<>"",F30,NA()),NA()) -> #N/A | X30: =IF($M$7,IF(H30<>"",H30,NA()),NA()) -> #N/A | Y30: =IF($M$8,IF(I30<>"",I30,NA()),NA()) -> #N/A
... P140: =IF(week_data!$Q140<>FALSE,P139+1,"") | Q140: =IF(ROW(Q140)>$K$1+1,FALSE,IF(A140<>"",A140,FALSE)) -> FALSE | R140: =IF($M$1,IF(B140<>"",B140,NA()),NA()) -> #N/A | S140: =IF($M$2,IF(C140<>"",C140,NA()),NA()) -> #N/A | T140: =IF($M$3,IF(D140<>"",D140,NA()),NA()) -> #N/A | U140: =IF($M$4,IF(E140<>"",E140,NA()),NA()) -> #N/A | V140: =IF($M$5,IF(G140<>"",G140,NA()),NA()) -> #N/A | W140: =IF($M$6,IF(F140<>"",F140,NA()),NA()) -> #N/A | X140: =IF($M$7,IF(H140<>"",H140,NA()),NA()) -> #N/A | Y140: =IF($M$8,IF(I140<>"",I140,NA()),NA()) -> #N/A

Sheet 多维度分析表（周）
K4: 选择几周： | L4: =week_data!K1 -> 24
C7: 访客数
C8: 访客环比
C9: 浏览次数
C10: 浏览环比
C11: 转化率
C12: 购买商品数
C13: 销售额
C14: 购物车率

Sheet month_data
A1: 年 | B1: 月份号 | C1: 访客数 的总和 | D1: 访客环比MOM | E1: 访客同比YOY | F1: 销售额 的总和 | G1: 销售额环比MOM | H1: 销售额同比YOY | I1: 年度累计YTDYOY | J1: 购买商品数 的总和 | K1: 转化率 的平均值 | P1: 月访客数 | Q1: TRUE | U1: 1 | W1: 月访客数 | X1: 月访客环比 | Y1: 月访客同比 | Z1: 月销售额 | AA1: 月销售额环比 | AB1: 月销售额同比 | AC1: 月累计销售额同比 | AD1: 购买商品数 | AE1: 转化率
A2: 2018 | B2: 6 | C2: 248 | F2: 502.77 | J2: 23 | K2: 0.093632185 | P2: 月访客环比 | Q2: FALSE | U2: =IF(V2<>FALSE,U1,"") -> 1 | V2: =IF(A2<>"",RIGHT(A2,2)&"'"&B2,FALSE) -> 18'6 | W2: =IF($Q$1,IF(C2<>"",C2,NA()),NA()) -> 248 | X2: =IF($Q$2,IF(D2<>"",D2,NA()),NA()) -> #N/A | Y2: =IF($Q$3,IF(E2<>"",E2,NA()),NA()) -> #N/A | Z2: =IF($Q$4,IF(F2<>"",F2,NA()),NA()) -> 502.77 | AA2: =IF($Q$5,IF(G2<>"",G2,NA()),NA()) -> #N/A | AB2: =IF($Q$6,IF(H2<>"",H2,NA()),NA()) -> #N/A | AC2: =IF($Q$7,IF(I2<>"",I2,NA()),NA()) -> #N/A | AD2: =IF($Q$8,IF(J2<>"",J2,NA()),NA()) -> #N/A | AE2: =IF($Q$9,IF(K2<>"",K2,NA()),NA()) -> 0.093632185
A3: 2018 | B3: 7 | C3: 339 | D3: 0.36693548 | F3: 1088.48 | G3: 1.1649661 | J3: 52 | K3: 0.12722811 | P3: 月访客同比 | Q3: FALSE | U3: =IF(V3<>FALSE,U2+1,"") -> 2 | V3: =IF(A3<>"",RIGHT(A3,2)&"'"&B3,FALSE) -> 18'7 | W3: =IF($Q$1,IF(C3<>"",C3,NA()),NA()) -> 339 | X3: =IF($Q$2,IF(D3<>"",D3,NA()),NA()) -> #N/A | Y3: =IF($Q$3,IF(E3<>"",E3,NA()),NA()) -> #N/A | Z3: =IF($Q$4,IF(F3<>"",F3,NA()),NA()) -> 1088.48 | AA3: =IF($Q$5,IF(G3<>"",G3,NA()),NA()) -> #N/A | AB3: =IF($Q$6,IF(H3<>"",H3,NA()),NA()) -> #N/A | AC3: =IF($Q$7,IF(I3<>"",I3,NA()),NA()) -> #N/A | AD3: =IF($Q$8,IF(J3<>"",J3,NA()),NA()) -> #N/A | AE3: =IF($Q$9,IF(K3<>"",K3,NA()),NA()) -> 0.12722811
A4: 2018 | B4: 8 | C4: 668 | D4: 0.97050147 | F4: 1792.62 | G4: 0.6469021 | J4: 82 | K4: 0.083201056 | P4: 月销售额 | Q4: TRUE | U4: =IF(V4<>FALSE,U3+1,"") -> 3 | V4: =IF(A4<>"",RIGHT(A4,2)&"'"&B4,FALSE) -> 18'8 | W4: =IF($Q$1,IF(C4<>"",C4,NA()),NA()) -> 668 | X4: =IF($Q$2,IF(D4<>"",D4,NA()),NA()) -> #N/A | Y4: =IF($Q$3,IF(E4<>"",E4,NA()),NA()) -> #N/A | Z4: =IF($Q$4,IF(F4<>"",F4,NA()),NA()) -> 1792.62 | AA4: =IF($Q$5,IF(G4<>"",G4,NA()),NA()) -> #N/A | AB4: =IF($Q$6,IF(H4<>"",H4,NA()),NA()) -> #N/A | AC4: =IF($Q$7,IF(I4<>"",I4,NA()),NA()) -> #N/A | AD4: =IF($Q$8,IF(J4<>"",J4,NA()),NA()) -> #N/A | AE4: =IF($Q$9,IF(K4<>"",K4,NA()),NA()) -> 0.083201056
A5: 2018 | B5: 9 | C5: 832 | D5: 0.24550898 | F5: 2238.97 | G5: 0.24899309 | J5: 89 | K5: 0.083217969 | P5: 月销售额环比 | Q5: FALSE | U5: =IF(V5<>FALSE,U4+1,"") -> 4 | V5: =IF(A5<>"",RIGHT(A5,2)&"'"&B5,FALSE) -> 18'9 | W5: =IF($Q$1,IF(C5<>"",C5,NA()),NA()) -> 832 | X5: =IF($Q$2,IF(D5<>"",D5,NA()),NA()) -> #N/A | Y5: =IF($Q$3,IF(E5<>"",E5,NA()),NA()) -> #N/A | Z5: =IF($Q$4,IF(F5<>"",F5,NA()),NA()) -> 2238.97 | AA5: =IF($Q$5,IF(G5<>"",G5,NA()),NA()) -> #N/A | AB5: =IF($Q$6,IF(H5<>"",H5,NA()),NA()) -> #N/A | AC5: =IF($Q$7,IF(I5<>"",I5,NA()),NA()) -> #N/A | AD5: =IF($Q$8,IF(J5<>"",J5,NA()),NA()) -> #N/A | AE5: =IF($Q$9,IF(K5<>"",K5,NA()),NA()) -> 0.083217969
A6: 2018 | B6: 10 | C6: 910 | D6: 0.09375 | F6: 2178.17 | G6: -0.027155344 | J6: 80 | K6: 0.084748018 | P6: 月销售额同比 | Q6: FALSE | U6: =IF(V6<>FALSE,U5+1,"") -> 5 | V6: =IF(A6<>"",RIGHT(A6,2)&"'"&B6,FALSE) -> 18'10 | W6: =IF($Q$1,IF(C6<>"",C6,NA()),NA()) -> 910 | X6: =IF($Q$2,IF(D6<>"",D6,NA()),NA()) -> #N/A | Y6: =IF($Q$3,IF(E6<>"",E6,NA()),NA()) -> #N/A | Z6: =IF($Q$4,IF(F6<>"",F6,NA()),NA()) -> 2178.17 | AA6: =IF($Q$5,IF(G6<>"",G6,NA()),NA()) -> #N/A | AB6: =IF($Q$6,IF(H6<>"",H6,NA()),NA()) -> #N/A | AC6: =IF($Q$7,IF(I6<>"",I6,NA()),NA()) -> #N/A | AD6: =IF($Q$8,IF(J6<>"",J6,NA()),NA()) -> #N/A | AE6: =IF($Q$9,IF(K6<>"",K6,NA()),NA()) -> 0.084748018
A7: 2018 | B7: 11 | C7: 342 | D7: -0.62417582 | F7: 765.21 | G7: -0.64869133 | J7: 27 | K7: 0.079904837 | P7: 月累计销售额同比 | Q7: FALSE | U7: =IF(V7<>FALSE,U6+1,"") -> 6 | V7: =IF(A7<>"",RIGHT(A7,2)&"'"&B7,FALSE) -> 18'11 | W7: =IF($Q$1,IF(C7<>"",C7,NA()),NA()) -> 342 | X7: =IF($Q$2,IF(D7<>"",D7,NA()),NA()) -> #N/A | Y7: =IF($Q$3,IF(E7<>"",E7,NA()),NA()) -> #N/A | Z7: =IF($Q$4,IF(F7<>"",F7,NA()),NA()) -> 765.21 | AA7: =IF($Q$5,IF(G7<>"",G7,NA()),NA()) -> #N/A | AB7: =IF($Q$6,IF(H7<>"",H7,NA()),NA()) -> #N/A | AC7: =IF($Q$7,IF(I7<>"",I7,NA()),NA()) -> #N/A | AD7: =IF($Q$8,IF(J7<>"",J7,NA()),NA()) -> #N/A | AE7: =IF($Q$9,IF(K7<>"",K7,NA()),NA()) -> 0.079904837
A8: 2018 | B8: 12 | C8: 280 | D8: -0.18128655 | F8: 959.68 | G8: 0.25413939 | J8: 33 | K8: 0.074583588 | P8: 购买商品数 | Q8: FALSE | U8: =IF(V8<>FALSE,U7+1,"") -> 7 | V8: =IF(A8<>"",RIGHT(A8,2)&"'"&B8,FALSE) -> 18'12 | W8: =IF($Q$1,IF(C8<>"",C8,NA()),NA()) -> 280 | X8: =IF($Q$2,IF(D8<>"",D8,NA()),NA()) -> #N/A | Y8: =IF($Q$3,IF(E8<>"",E8,NA()),NA()) -> #N/A | Z8: =IF($Q$4,IF(F8<>"",F8,NA()),NA()) -> 959.68 | AA8: =IF($Q$5,IF(G8<>"",G8,NA()),NA()) -> #N/A | AB8: =IF($Q$6,IF(H8<>"",H8,NA()),NA()) -> #N/A | AC8: =IF($Q$7,IF(I8<>"",I8,NA()),NA()) -> #N/A | AD8: =IF($Q$8,IF(J8<>"",J8,NA()),NA()) -> #N/A | AE8: =IF($Q$9,IF(K8<>"",K8,NA()),NA()) -> 0.074583588
A9: 2019 | B9: 1 | C9: 118 | D9: -0.57857143 | F9: 299.9 | G9: -0.6875 | J9: 10 | K9: 0.090246355 | P9: 转化率 | Q9: TRUE | U9: =IF(V9<>FALSE,U8+1,"") -> 8 | V9: =IF(A9<>"",RIGHT(A9,2)&"'"&B9,FALSE) -> 19'1 | W9: =IF($Q$1,IF(C9<>"",C9,NA()),NA()) -> 118 | X9: =IF($Q$2,IF(D9<>"",D9,NA()),NA()) -> #N/A | Y9: =IF($Q$3,IF(E9<>"",E9,NA()),NA()) -> #N/A | Z9: =IF($Q$4,IF(F9<>"",F9,NA()),NA()) -> 299.9 | AA9: =IF($Q$5,IF(G9<>"",G9,NA()),NA()) -> #N/A | AB9: =IF($Q$6,IF(H9<>"",H9,NA()),NA()) -> #N/A | AC9: =IF($Q$7,IF(I9<>"",I9,NA()),NA()) -> #N/A | AD9: =IF($Q$8,IF(J9<>"",J9,NA()),NA()) -> #N/A | AE9: =IF($Q$9,IF(K9<>"",K9,NA()),NA()) -> 0.090246355
U10: =IF(V10<>FALSE,U9+1,"") | V10: =IF(A10<>"",RIGHT(A10,2)&"'"&B10,FALSE) -> FALSE | W10: =IF($Q$1,IF(C10<>"",C10,NA()),NA()) -> #N/A | X10: =IF($Q$2,IF(D10<>"",D10,NA()),NA()) -> #N/A | Y10: =IF($Q$3,IF(E10<>"",E10,NA()),NA()) -> #N/A | Z10: =IF($Q$4,IF(F10<>"",F10,NA()),NA()) -> #N/A | AA10: =IF($Q$5,IF(G10<>"",G10,NA()),NA()) -> #N/A | AB10: =IF($Q$6,IF(H10<>"",H10,NA()),NA()) -> #N/A | AC10: =IF($Q$7,IF(I10<>"",I10,NA()),NA()) -> #N/A | AD10: =IF($Q$8,IF(J10<>"",J10,NA()),NA()) -> #N/A | AE10: =IF($Q$9,IF(K10<>"",K10,NA()),NA()) -> #N/A
U11: =IF(V11<>FALSE,U10+1,"") | V11: =IF(A11<>"",RIGHT(A11,2)&"'"&B11,FALSE) -> FALSE | W11: =IF($Q$1,IF(C11<>"",C11,NA()),NA()) -> #N/A | X11: =IF($Q$2,IF(D11<>"",D11,NA()),NA()) -> #N/A | Y11: =IF($Q$3,IF(E11<>"",E11,NA()),NA()) -> #N/A | Z11: =IF($Q$4,IF(F11<>"",F11,NA()),NA()) -> #N/A | AA11: =IF($Q$5,IF(G11<>"",G11,NA()),NA()) -> #N/A | AB11: =IF($Q$6,IF(H11<>"",H11,NA()),NA()) -> #N/A | AC11: =IF($Q$7,IF(I11<>"",I11,NA()),NA()) -> #N/A | AD11: =IF($Q$8,IF(J11<>"",J11,NA()),NA()) -> #N/A | AE11: =IF($Q$9,IF(K11<>"",K11,NA()),NA()) -> #N/A
U12: =IF(V12<>FALSE,U11+1,"") | V12: =IF(A12<>"",RIGHT(A12,2)&"'"&B12,FALSE) -> FALSE | W12: =IF($Q$1,IF(C12<>"",C12,NA()),NA()) -> #N/A | X12: =IF($Q$2,IF(D12<>"",D12,NA()),NA()) -> #N/A | Y12: =IF($Q$3,IF(E12<>"",E12,NA()),NA()) -> #N/A | Z12: =IF($Q$4,IF(F12<>"",F12,NA()),NA()) -> #N/A | AA12: =IF($Q$5,IF(G12<>"",G12,NA()),NA()) -> #N/A | AB12: =IF($Q$6,IF(H12<>"",H12,NA()),NA()) -> #N/A | AC12: =IF($Q$7,IF(I12<>"",I12,NA()),NA()) -> #N/A | AD12: =IF($Q$8,IF(J12<>"",J12,NA()),NA()) -> #N/A | AE12: =IF($Q$9,IF(K12<>"",K12,NA()),NA()) -> #N/A
U13: =IF(V13<>FALSE,U12+1,"") | V13: =IF(A13<>"",RIGHT(A13,2)&"'"&B13,FALSE) -> FALSE | W13: =IF($Q$1,IF(C13<>"",C13,NA()),NA()) -> #N/A | X13: =IF($Q$2,IF(D13<>"",D13,NA()),NA()) -> #N/A | Y13: =IF($Q$3,IF(E13<>"",E13,NA()),NA()) -> #N/A | Z13: =IF($Q$4,IF(F13<>"",F13,NA()),NA()) -> #N/A | AA13: =IF($Q$5,IF(G13<>"",G13,NA()),NA()) -> #N/A | AB13: =IF($Q$6,IF(H13<>"",H13,NA()),NA()) -> #N/A | AC13: =IF($Q$7,IF(I13<>"",I13,NA()),NA()) -> #N/A | AD13: =IF($Q$8,IF(J13<>"",J13,NA()),NA()) -> #N/A | AE13: =IF($Q$9,IF(K13<>"",K13,NA()),NA()) -> #N/A
U14: =IF(V14<>FALSE,U13+1,"") | V14: =IF(A14<>"",RIGHT(A14,2)&"'"&B14,FALSE) -> FALSE | W14: =IF($Q$1,IF(C14<>"",C14,NA()),NA()) -> #N/A | X14: =IF($Q$2,IF(D14<>"",D14,NA()),NA()) -> #N/A | Y14: =IF($Q$3,IF(E14<>"",E14,NA()),NA()) -> #N/A | Z14: =IF($Q$4,IF(F14<>"",F14,NA()),NA()) -> #N/A | AA14: =IF($Q$5,IF(G14<>"",G14,NA()),NA()) -> #N/A | AB14: =IF($Q$6,IF(H14<>"",H14,NA()),NA()) -> #N/A | AC14: =IF($Q$7,IF(I14<>"",I14,NA()),NA()) -> #N/A | AD14: =IF($Q$8,IF(J14<>"",J14,NA()),NA()) -> #N/A | AE14: =IF($Q$9,IF(K14<>"",K14,NA()),NA()) -> #N/A
U15: =IF(V15<>FALSE,U14+1,"") | V15: =IF(A15<>"",RIGHT(A15,2)&"'"&B15,FALSE) -> FALSE | W15: =IF($Q$1,IF(C15<>"",C15,NA()),NA()) -> #N/A | X15: =IF($Q$2,IF(D15<>"",D15,NA()),NA()) -> #N/A | Y15: =IF($Q$3,IF(E15<>"",E15,NA()),NA()) -> #N/A | Z15: =IF($Q$4,IF(F15<>"",F15,NA()),NA()) -> #N/A | AA15: =IF($Q$5,IF(G15<>"",G15,NA()),NA()) -> #N/A | AB15: =IF($Q$6,IF(H15<>"",H15,NA()),NA()) -> #N/A | AC15: =IF($Q$7,IF(I15<>"",I15,NA()),NA()) -> #N/A | AD15: =IF($Q$8,IF(J15<>"",J15,NA()),NA()) -> #N/A | AE15: =IF($Q$9,IF(K15<>"",K15,NA()),NA()) -> #N/A
U16: =IF(V16<>FALSE,U15+1,"") | V16: =IF(A16<>"",RIGHT(A16,2)&"'"&B16,FALSE) -> FALSE | W16: =IF($Q$1,IF(C16<>"",C16,NA()),NA()) -> #N/A | X16: =IF($Q$2,IF(D16<>"",D16,NA()),NA()) -> #N/A | Y16: =IF($Q$3,IF(E16<>"",E16,NA()),NA()) -> #N/A | Z16: =IF($Q$4,IF(F16<>"",F16,NA()),NA()) -> #N/A | AA16: =IF($Q$5,IF(G16<>"",G16,NA()),NA()) -> #N/A | AB16: =IF($Q$6,IF(H16<>"",H16,NA()),NA()) -> #N/A | AC16: =IF($Q$7,IF(I16<>"",I16,NA()),NA()) -> #N/A | AD16: =IF($Q$8,IF(J16<>"",J16,NA()),NA()) -> #N/A | AE16: =IF($Q$9,IF(K16<>"",K16,NA()),NA()) -> #N/A
U17: =IF(V17<>FALSE,U16+1,"") | V17: =IF(A17<>"",RIGHT(A17,2)&"'"&B17,FALSE) -> FALSE | W17: =IF($Q$1,IF(C17<>"",C17,NA()),NA()) -> #N/A | X17: =IF($Q$2,IF(D17<>"",D17,NA()),NA()) -> #N/A | Y17: =IF($Q$3,IF(E17<>"",E17,NA()),NA()) -> #N/A | Z17: =IF($Q$4,IF(F17<>"",F17,NA()),NA()) -> #N/A | AA17: =IF($Q$5,IF(G17<>"",G17,NA()),NA()) -> #N/A | AB17: =IF($Q$6,IF(H17<>"",H17,NA()),NA()) -> #N/A | AC17: =IF($Q$7,IF(I17<>"",I17,NA()),NA()) -> #N/A | AD17: =IF($Q$8,IF(J17<>"",J17,NA()),NA()) -> #N/A | AE17: =IF($Q$9,IF(K17<>"",K17,NA()),NA()) -> #N/A
U18: =IF(V18<>FALSE,U17+1,"") | V18: =IF(A18<>"",RIGHT(A18,2)&"'"&B18,FALSE) -> FALSE | W18: =IF($Q$1,IF(C18<>"",C18,NA()),NA()) -> #N/A | X18: =IF($Q$2,IF(D18<>"",D18,NA()),NA()) -> #N/A | Y18: =IF($Q$3,IF(E18<>"",E18,NA()),NA()) -> #N/A | Z18: =IF($Q$4,IF(F18<>"",F18,NA()),NA()) -> #N/A | AA18: =IF($Q$5,IF(G18<>"",G18,NA()),NA()) -> #N/A | AB18: =IF($Q$6,IF(H18<>"",H18,NA()),NA()) -> #N/A | AC18: =IF($Q$7,IF(I18<>"",I18,NA()),NA()) -> #N/A | AD18: =IF($Q$8,IF(J18<>"",J18,NA()),NA()) -> #N/A | AE18: =IF($Q$9,IF(K18<>"",K18,NA()),NA()) -> #N/A
U19: =IF(V19<>FALSE,U18+1,"") | V19: =IF(A19<>"",RIGHT(A19,2)&"'"&B19,FALSE) -> FALSE | W19: =IF($Q$1,IF(C19<>"",C19,NA()),NA()) -> #N/A | X19: =IF($Q$2,IF(D19<>"",D19,NA()),NA()) -> #N/A | Y19: =IF($Q$3,IF(E19<>"",E19,NA()),NA()) -> #N/A | Z19: =IF($Q$4,IF(F19<>"",F19,NA()),NA()) -> #N/A | AA19: =IF($Q$5,IF(G19<>"",G19,NA()),NA()) -> #N/A | AB19: =IF($Q$6,IF(H19<>"",H19,NA()),NA()) -> #N/A | AC19: =IF($Q$7,IF(I19<>"",I19,NA()),NA()) -> #N/A | AD19: =IF($Q$8,IF(J19<>"",J19,NA()),NA()) -> #N/A | AE19: =IF($Q$9,IF(K19<>"",K19,NA()),NA()) -> #N/A
U20: =IF(V20<>FALSE,U19+1,"") | V20: =IF(A20<>"",RIGHT(A20,2)&"'"&B20,FALSE) -> FALSE | W20: =IF($Q$1,IF(C20<>"",C20,NA()),NA()) -> #N/A | X20: =IF($Q$2,IF(D20<>"",D20,NA()),NA()) -> #N/A | Y20: =IF($Q$3,IF(E20<>"",E20,NA()),NA()) -> #N/A | Z20: =IF($Q$4,IF(F20<>"",F20,NA()),NA()) -> #N/A | AA20: =IF($Q$5,IF(G20<>"",G20,NA()),NA()) -> #N/A | AB20: =IF($Q$6,IF(H20<>"",H20,NA()),NA()) -> #N/A | AC20: =IF($Q$7,IF(I20<>"",I20,NA()),NA()) -> #N/A | AD20: =IF($Q$8,IF(J20<>"",J20,NA()),NA()) -> #N/A | AE20: =IF($Q$9,IF(K20<>"",K20,NA()),NA()) -> #N/A
U21: =IF(V21<>FALSE,U20+1,"") | V21: =IF(A21<>"",RIGHT(A21,2)&"'"&B21,FALSE) -> FALSE | W21: =IF($Q$1,IF(C21<>"",C21,NA()),NA()) -> #N/A | X21: =IF($Q$2,IF(D21<>"",D21,NA()),NA()) -> #N/A | Y21: =IF($Q$3,IF(E21<>"",E21,NA()),NA()) -> #N/A | Z21: =IF($Q$4,IF(F21<>"",F21,NA()),NA()) -> #N/A | AA21: =IF($Q$5,IF(G21<>"",G21,NA()),NA()) -> #N/A | AB21: =IF($Q$6,IF(H21<>"",H21,NA()),NA()) -> #N/A | AC21: =IF($Q$7,IF(I21<>"",I21,NA()),NA()) -> #N/A | AD21: =IF($Q$8,IF(J21<>"",J21,NA()),NA()) -> #N/A | AE21: =IF($Q$9,IF(K21<>"",K21,NA()),NA()) -> #N/A
... U87: =IF(V87<>FALSE,U86+1,"") | V87: =IF(A87<>"",RIGHT(A87,2)&"'"&B87,FALSE) -> FALSE | W87: =IF($Q$1,IF(C87<>"",C87,NA()),NA()) -> #N/A | X87: =IF($Q$2,IF(D87<>"",D87,NA()),NA()) -> #N/A | Y87: =IF($Q$3,IF(E87<>"",E87,NA()),NA()) -> #N/A | Z87: =IF($Q$4,IF(F87<>"",F87,NA()),NA()) -> #N/A | AA87: =IF($Q$5,IF(G87<>"",G87,NA()),NA()) -> #N/A | AB87: =IF($Q$6,IF(H87<>"",H87,NA()),NA()) -> #N/A | AC87: =IF($Q$7,IF(I87<>"",I87,NA()),NA()) -> #N/A | AD87: =IF($Q$8,IF(J87<>"",J87,NA()),NA()) -> #N/A | AE87: =IF($Q$9,IF(K87<>"",K87,NA()),NA()) -> #N/A

Sheet 多维度分析表（月）
C8: 月访客数
C9: 月访客环比MOM
C10: 月访客同比YOY(P)
C11: 月销售额
C12: 月销售额环比MOM
C13: 月销售额同比YOY(P)
C14: 月累计销售额同比YOY(P)
C15: 购买商品数
C16: 转化率
