Workbook

Sheet 目标listing的关键词
A1: 目标listing的关键词
A2: ass pillow
A3: back seat desk
A4: chair cussion
A5: cushion replacement for sofa
A6: cushion seats for floor
A7: cute chair cushion for desk chair
A8: cute floor pillow
A9: desk chair pillow cute
A10: floor mat cushion
A11: fluffy chair cushion
A12: hand warmer paw
... A346: replacement glider cushions

Sheet 目标listing去重单词
A1: 目标listing去重后的单词 | B1: 自身lisitng词出现的位置数

Sheet 自身listing去重后的单词
A1: 黄色栏已经做好公式，不要更改,匹配结果为N/A则我们的listing并不包含该词
A2: 自身listing去重后的单词 | B2: 自身lisitng词出现的位置数 | C2: 是否包含竞品的单词
C3: =VLOOKUP(自身listing去重后的单词!A3,目标listing去重单词!A:A,1,FALSE) -> #N/A
C4: =VLOOKUP(自身listing去重后的单词!A4,目标listing去重单词!A:A,1,FALSE) -> #N/A
C5: =VLOOKUP(自身listing去重后的单词!A5,目标listing去重单词!A:A,1,FALSE) -> #N/A
C6: =VLOOKUP(自身listing去重后的单词!A6,目标listing去重单词!A:A,1,FALSE) -> #N/A
C7: =VLOOKUP(自身listing去重后的单词!A7,目标listing去重单词!A:A,1,FALSE) -> #N/A
C8: =VLOOKUP(自身listing去重后的单词!A8,目标listing去重单词!A:A,1,FALSE) -> #N/A
C9: =VLOOKUP(自身listing去重后的单词!A9,目标listing去重单词!A:A,1,FALSE) -> #N/A
C10: =VLOOKUP(自身listing去重后的单词!A10,目标listing去重单词!A:A,1,FALSE) -> #N/A
C11: =VLOOKUP(自身listing去重后的单词!A11,目标listing去重单词!A:A,1,FALSE) -> #N/A
C12: =VLOOKUP(自身listing去重后的单词!A12,目标listing去重单词!A:A,1,FALSE) -> #N/A
C13: =VLOOKUP(自身listing去重后的单词!A13,目标listing去重单词!A:A,1,FALSE) -> #N/A
C14: =VLOOKUP(自身listing去重后的单词!A14,目标listing去重单词!A:A,1,FALSE) -> #N/A
... C301: =VLOOKUP(自身listing去重后的单词!A301,目标listing去重单词!A:A,1,FALSE) -> #N/A

Sheet 结果分析表
A1: 黄色栏已经做好公式，不要更改，所匹配的关键词是对应的关键词列表中包含该单词的第一个关键词。请注意，包含该单词的关键词可能会有多个结果。如要查询，可再手动搜索。
A2: 自身listing所缺单词 | B2: 单词所对应的关键词 | C2: 中文
B3: =VLOOKUP("*"&A3&"*",目标listing的关键词!A:A,1,0) -> 目标listing的关键词
B4: =VLOOKUP("*"&A4&"*",目标listing的关键词!A:A,1,0) -> 目标listing的关键词
B5: =VLOOKUP("*"&A5&"*",目标listing的关键词!A:A,1,0) -> 目标listing的关键词
B6: =VLOOKUP("*"&A6&"*",目标listing的关键词!A:A,1,0) -> 目标listing的关键词
B7: =VLOOKUP("*"&A7&"*",目标listing的关键词!A:A,1,0) -> 目标listing的关键词
B8: =VLOOKUP("*"&A8&"*",目标listing的关键词!A:A,1,0) -> 目标listing的关键词
B9: =VLOOKUP("*"&A9&"*",目标listing的关键词!A:A,1,0) -> 目标listing的关键词
B10: =VLOOKUP("*"&A10&"*",目标listing的关键词!A:A,1,0) -> 目标listing的关键词
B11: =VLOOKUP("*"&A11&"*",目标listing的关键词!A:A,1,0) -> 目标listing的关键词
B12: =VLOOKUP("*"&A12&"*",目标listing的关键词!A:A,1,0) -> 目标listing的关键词
B13: =VLOOKUP("*"&A13&"*",目标listing的关键词!A:A,1,0) -> 目标listing的关键词
B14: =VLOOKUP("*"&A14&"*",目标listing的关键词!A:A,1,0) -> 目标listing的关键词
... B170: =VLOOKUP("*"&A170&"*",目标listing的关键词!A:A,1,0) -> 目标listing的关键词
