Workbook

Sheet 数据源
A1: 中国时间段 | B1: 中国时间点 | C1: 时差+ | D1: 后台太平洋时间 | E1: purchase-date | F1: quantity | H1: 1.公式已调好，只需将后台下好的订单报告里的购买时间及数量填进去，再将左侧A-D列的公式复制填充即可
A2: =VLOOKUP(B2,时间段对照!$D$13:$E$37,2,0) -> 12：00-13：00 | B2: =IF(C2+D2>=24,C2+D2-24,C2+D2) -> 12 | C2: 15 | D2: =IF(MID(E2,12,2)-7<0,MID(E2,12,2)-7+24,MID(E2,12,2)-7) -> 21 | E2: 2020-11-09T04:38:59+00:00 | F2: 4
A3: =VLOOKUP(B3,时间段对照!$D$13:$E$37,2,0) -> 12：00-13：00 | B3: =IF(C3+D3>=24,C3+D3-24,C3+D3) -> 12 | C3: 15 | D3: =IF(MID(E3,12,2)-7<0,MID(E3,12,2)-7+24,MID(E3,12,2)-7) -> 21 | E3: 2020-11-09T04:38:59+00:00 | F3: 5
A4: =VLOOKUP(B4,时间段对照!$D$13:$E$37,2,0) -> 8：00-9：00 | B4: =IF(C4+D4>=24,C4+D4-24,C4+D4) -> 8 | C4: 15 | D4: =IF(MID(E4,12,2)-7<0,MID(E4,12,2)-7+24,MID(E4,12,2)-7) -> 17 | E4: 2020-11-09T00:58:18+00:00 | F4: 11
A5: =VLOOKUP(B5,时间段对照!$D$13:$E$37,2,0) -> 8：00-9：00 | B5: =IF(C5+D5>=24,C5+D5-24,C5+D5) -> 8 | C5: 15 | D5: =IF(MID(E5,12,2)-7<0,MID(E5,12,2)-7+24,MID(E5,12,2)-7) -> 17 | E5: 2020-11-09T00:13:48+00:00 | F5: 5
A6: =VLOOKUP(B6,时间段对照!$D$13:$E$37,2,0) -> 7：00-8：00 | B6: =IF(C6+D6>=24,C6+D6-24,C6+D6) -> 7 | C6: 15 | D6: =IF(MID(E6,12,2)-7<0,MID(E6,12,2)-7+24,MID(E6,12,2)-7) -> 16 | E6: 2020-11-08T23:54:21+00:00 | F6: 6
A7: =VLOOKUP(B7,时间段对照!$D$13:$E$37,2,0) -> 7：00-8：00 | B7: =IF(C7+D7>=24,C7+D7-24,C7+D7) -> 7 | C7: 15 | D7: =IF(MID(E7,12,2)-7<0,MID(E7,12,2)-7+24,MID(E7,12,2)-7) -> 16 | E7: 2020-11-08T23:51:41+00:00 | F7: 9
A8: =VLOOKUP(B8,时间段对照!$D$13:$E$37,2,0) -> 7：00-8：00 | B8: =IF(C8+D8>=24,C8+D8-24,C8+D8) -> 7 | C8: 15 | D8: =IF(MID(E8,12,2)-7<0,MID(E8,12,2)-7+24,MID(E8,12,2)-7) -> 16 | E8: 2020-11-08T23:32:49+00:00 | F8: 3
A9: =VLOOKUP(B9,时间段对照!$D$13:$E$37,2,0) -> 7：00-8：00 | B9: =IF(C9+D9>=24,C9+D9-24,C9+D9) -> 7 | C9: 15 | D9: =IF(MID(E9,12,2)-7<0,MID(E9,12,2)-7+24,MID(E9,12,2)-7) -> 16 | E9: 2020-11-08T23:08:26+00:00 | F9: 1
A10: =VLOOKUP(B10,时间段对照!$D$13:$E$37,2,0) -> 6：00-7：00 | B10: =IF(C10+D10>=24,C10+D10-24,C10+D10) -> 6 | C10: 15 | D10: =IF(MID(E10,12,2)-7<0,MID(E10,12,2)-7+24,MID(E10,12,2)-7) -> 15 | E10: 2020-11-08T22:10:09+00:00 | F10: 15
A11: =VLOOKUP(B11,时间段对照!$D$13:$E$37,2,0) -> 4：00-5：00 | B11: =IF(C11+D11>=24,C11+D11-24,C11+D11) -> 4 | C11: 15 | D11: =IF(MID(E11,12,2)-7<0,MID(E11,12,2)-7+24,MID(E11,12,2)-7) -> 13 | E11: 2020-11-08T20:50:45+00:00 | F11: 18
A12: =VLOOKUP(B12,时间段对照!$D$13:$E$37,2,0) -> 4：00-5：00 | B12: =IF(C12+D12>=24,C12+D12-24,C12+D12) -> 4 | C12: 15 | D12: =IF(MID(E12,12,2)-7<0,MID(E12,12,2)-7+24,MID(E12,12,2)-7) -> 13 | E12: 2020-11-08T20:06:37+00:00 | F12: 21
A13: =VLOOKUP(B13,时间段对照!$D$13:$E$37,2,0) -> 4：00-5：00 | B13: =IF(C13+D13>=24,C13+D13-24,C13+D13) -> 4 | C13: 15 | D13: =IF(MID(E13,12,2)-7<0,MID(E13,12,2)-7+24,MID(E13,12,2)-7) -> 13 | E13: 2020-11-08T20:06:37+00:00 | F13: 7
... A199: =VLOOKUP(B199,时间段对照!$D$13:$E$37,2,0) -> 10：00-11：00 | B199: =IF(C199+D199>=24,C199+D199-24,C199+D199) -> 10 | C199: 15 | D199: =IF(MID(E199,12,2)-7<0,MID(E199,12,2)-7+24,MID(E199,12,2)-7) -> 19 | E199: 2020-11-03T02:01:25+00:00 | F199: 2

Sheet 将左侧的数据源粘贴为数值
A1: 中国时间段 | B1: 中国时间点 | C1: 时差+ | D1: 后台太平洋时间 | E1: purchase-date | F1: quantity | H1: 2.将数据粘贴为数值
A2: 12：00-13：00 | B2: 12 | C2: 15 | D2: 21 | E2: 2020-11-09T04:38:59+00:00 | F2: 4
A3: 12：00-13：00 | B3: 12 | C3: 15 | D3: 21 | E3: 2020-11-09T04:38:59+00:00 | F3: 5
A4: 8：00-9：00 | B4: 8 | C4: 15 | D4: 17 | E4: 2020-11-09T00:58:18+00:00 | F4: 11
A5: 8：00-9：00 | B5: 8 | C5: 15 | D5: 17 | E5: 2020-11-09T00:13:48+00:00 | F5: 5
A6: 7：00-8：00 | B6: 7 | C6: 15 | D6: 16 | E6: 2020-11-08T23:54:21+00:00 | F6: 6
A7: 7：00-8：00 | B7: 7 | C7: 15 | D7: 16 | E7: 2020-11-08T23:51:41+00:00 | F7: 9
A8: 7：00-8：00 | B8: 7 | C8: 15 | D8: 16 | E8: 2020-11-08T23:32:49+00:00 | F8: 3
A9: 7：00-8：00 | B9: 7 | C9: 15 | D9: 16 | E9: 2020-11-08T23:08:26+00:00 | F9: 1
A10: 6：00-7：00 | B10: 6 | C10: 15 | D10: 15 | E10: 2020-11-08T22:10:09+00:00 | F10: 15
A11: 4：00-5：00 | B11: 4 | C11: 15 | D11: 13 | E11: 2020-11-08T20:50:45+00:00 | F11: 18
A12: 4：00-5：00 | B12: 4 | C12: 15 | D12: 13 | E12: 2020-11-08T20:06:37+00:00 | F12: 21
A13: 4：00-5：00 | B13: 4 | C13: 15 | D13: 13 | E13: 2020-11-08T20:06:37+00:00 | F13: 7
... A199: 10：00-11：00 | B199: 10 | C199: 15 | D199: 19 | E199: 2020-11-03T02:01:25+00:00 | F199: 2

Sheet 数据透视表
D1: 3.将左侧数据导入数据透视表粘贴为数值
A3: 行标签 | B3: 求和项:quantity | D3: 行标签 | E3: 求和项:quantity
A4: 0：00-1：00 | B4: 147 | D4: 0：00-1：00 | E4: 147
A5: 12：00-13：00 | B5: 125 | D5: 12：00-13：00 | E5: 125
A6: 18：00-19：00 | B6: 19 | D6: 18：00-19：00 | E6: 19
A7: 2：00-3：00 | B7: 8 | D7: 2：00-3：00 | E7: 8
A8: 20：00-21：00 | B8: 55 | D8: 20：00-21：00 | E8: 55
A9: 21：00-22：00 | B9: 7 | D9: 21：00-22：00 | E9: 7
A10: 22：00-23：00 | B10: 38 | D10: 22：00-23：00 | E10: 38
A11: 23：00-0：00 | B11: 64 | D11: 23：00-0：00 | E11: 64
A12: 4：00-5：00 | B12: 46 | D12: 4：00-5：00 | E12: 46
A13: 6：00-7：00 | B13: 157 | D13: 6：00-7：00 | E13: 157
A14: 7：00-8：00 | B14: 19 | D14: 7：00-8：00 | E14: 19
A15: 8：00-9：00 | B15: 16 | D15: 8：00-9：00 | E15: 16
... A27: 13：00-14：00 | B27: 37 | D27: 13：00-14：00 | E27: 37
A28: (空白) | D28: (空白)
A29: 总计 | B29: 1312 | D29: 总计 | E29: 1312
A31: 4.时差根据具体下单时间，11.3号以后的需改为-16h
B33: (-15h)太平洋时间PDT | D33: 中国时间段 | E33: 对应时间段下单数量
B34: 9：00-10：00 | D34: 0：00-1：00 | E34: =IFERROR(VLOOKUP(D34,$D$3:$E$28,2,0),0) -> 147
B35: 10：00-11：00 | D35: 1：00-2：00 | E35: =IFERROR(VLOOKUP(D35,$D$3:$E$28,2,0),0) -> 64
B36: 11：00-12：00 | D36: 2：00-3：00 | E36: =IFERROR(VLOOKUP(D36,$D$3:$E$28,2,0),0) -> 8
B37: 12：00-13：00 | D37: 3：00-4：00 | E37: =IFERROR(VLOOKUP(D37,$D$3:$E$28,2,0),0) -> 46
B38: 13：00-14：00 | D38: 4：00-5：00 | E38: =IFERROR(VLOOKUP(D38,$D$3:$E$28,2,0),0) -> 46
B39: 14：00-15：00 | D39: 5：00-6：00 | E39: =IFERROR(VLOOKUP(D39,$D$3:$E$28,2,0),0) -> 132
B40: 15：00-16：00 | D40: 6：00-7：00 | E40: =IFERROR(VLOOKUP(D40,$D$3:$E$28,2,0),0) -> 157
B41: 16：00-17：00 | D41: 7：00-8：00 | E41: =IFERROR(VLOOKUP(D41,$D$3:$E$28,2,0),0) -> 19
B42: 17：00-18：00 | D42: 8：00-9：00 | E42: =IFERROR(VLOOKUP(D42,$D$3:$E$28,2,0),0) -> 16
B43: 18：00-19：00 | D43: 9：00-10：00 | E43: =IFERROR(VLOOKUP(D43,$D$3:$E$28,2,0),0) -> 17
B44: 19：00-20：00 | D44: 10：00-11：00 | E44: =IFERROR(VLOOKUP(D44,$D$3:$E$28,2,0),0) -> 36
B45: 20：00-21：00 | D45: 11：00-12：00 | E45: =IFERROR(VLOOKUP(D45,$D$3:$E$28,2,0),0) -> 43
... B57: 8：00-9：00 | D57: 23：00-0：00 | E57: =IFERROR(VLOOKUP(D57,$D$3:$E$28,2,0),0) -> 64
D59: 上面表格的公式与右侧的统计图已设置好，会根据数据的变化而更新

Sheet 时间段对照
I10: 中国时间与太平洋时间对照表
D12: 这里不要修改，不然前面设置的公式会乱 | I12: 11.3号以前的时差 | L12: 11.3号以后的时差
D13: 时间点 | E13: 时间段 | I13: (-15h)太平洋时间PDT | J13: 中国时间 | L13: (-16h)太平洋时间PST | M13: 中国时间
D14: 0 | E14: 0：00-1：00 | I14: 9：00-10：00 | J14: 0：00-1：00 | L14: 8：00-9：00 | M14: 0：00-1：00
D15: 1 | E15: 1：00-2：00 | I15: 10：00-11：00 | J15: 1：00-2：00 | L15: 9：00-10：00 | M15: 1：00-2：00
D16: 2 | E16: 2：00-3：00 | I16: 11：00-12：00 | J16: 2：00-3：00 | L16: 10：00-11：00 | M16: 2：00-3：00
D17: 3 | E17: 3：00-4：00 | I17: 12：00-13：00 | J17: 3：00-4：00 | L17: 11：00-12：00 | M17: 3：00-4：00
D18: 4 | E18: 4：00-5：00 | I18: 13：00-14：00 | J18: 4：00-5：00 | L18: 12：00-13：00 | M18: 4：00-5：00
D19: 5 | E19: 5：00-6：00 | I19: 14：00-15：00 | J19: 5：00-6：00 | L19: 13：00-14：00 | M19: 5：00-6：00
D20: 6 | E20: 6：00-7：00 | I20: 15：00-16：00 | J20: 6：00-7：00 | L20: 14：00-15：00 | M20: 6：00-7：00
D21: 7 | E21: 7：00-8：00 | I21: 16：00-17：00 | J21: 7：00-8：00 | L21: 15：00-16：00 | M21: 7：00-8：00
D22: 8 | E22: 8：00-9：00 | I22: 17：00-18：00 | J22: 8：00-9：00 | L22: 16：00-17：00 | M22: 8：00-9：00
D23: 9 | E23: 9：00-10：00 | I23: 18：00-19：00 | J23: 9：00-10：00 | L23: 17：00-18：00 | M23: 9：00-10：00
D24: 10 | E24: 10：00-11：00 | I24: 19：00-20：00 | J24: 10：00-11：00 | L24: 18：00-19：00 | M24: 10：00-11：00
D25: 11 | E25: 11：00-12：00 | I25: 20：00-21：00 | J25: 11：00-12：00 | L25: 19：00-20：00 | M25: 11：00-12：00
... D37: 23 | E37: 23：00-0：00 | I37: 8：00-9：00 | J37: 23：00-0：00 | L37: 7：00-8：00 | M37: 23：00-0：00
