Workbook

Sheet 库存管理表
A1: 日期 | B1: 自定义SKU | C1: ASIN | D1: SKU | E1: FNSKU | F1: 产品中文名 | G1: 可售库存 | H1: 在途库存 | I1: 正在接收库存 | J1: 处理中 库存 | K1: 海外仓在库数量 | L1: 本地仓现有库存 | M1: 在途红单数量 | N1: 在途空派数量 | O1: 在途海派数量 | P1: 在途铁运数量 | Q1: 在途卡航数量 | R1: 3天日均销量 | S1: 7天日均销量 | T1: 14天日均销量 | U1: 30天日均销量 | V1: 日均销量 | W1: 周期增长预估 | X1: 预计备货周期内销量 | Y1: 备货频率 | Z1: 回货周期 | AA1: 物流周期 | AB1: 在售库存可售天数 | AC1: 在途库存可售天数 | AD1: 备货需求 | AE1: 红单发货数量 | AF1: 空派发货数量 | AG1: 海派发货数量 | AH1: 卡航发货数量 | AI1: 铁运发货数量 | AJ1: 库存水平 | AK1: 建议运输方式
A2: =TODAY() -> 45989 | G2: =SUMIF('Manage FBA Inventory(EU)'!A:A,D:D,'Manage FBA Inventory(EU)'!K:K) -> 0 | H2: =SUMIF('Manage FBA Inventory(EU)'!A:A,D:D,'Manage FBA Inventory(EU)'!Q:Q) -> 0 | I2: =SUMIF('Manage FBA Inventory(EU)'!A:A,D:D,'Manage FBA Inventory(EU)'!R:R) -> 0 | J2: =SUMIF('Manage FBA Inventory(EU)'!A:A,D:D,'Manage FBA Inventory(EU)'!P:P) -> 0 | L2: =SUMIF(本地仓库存!D:D,B:B,本地仓库存!H:H) -> 0 | M2: 0 | N2: 0 | O2: 2520 | P2: 0 | Q2: 1080 | R2: =SUMIF(过去3天!N:N,D:D,过去3天!P:P)/3 -> 0 | S2: =SUMIF(过去7天!N:N,D:D,过去7天!P:P)/7 -> 0 | T2: =SUMIF(过去14天!N:N,D:D,过去14天!P:P)/14 -> 0 | U2: =SUMIF(过去30天!N:N,D:D,过去30天!P:P)/30 -> 0 | V2: =(R2*1.5+S2*1.2+T2*0.8+U2*0.4)/4 -> 0 | W2: 1 | X2: =V2*(Y2+Z2+AA2)*W2 -> 0 | Y2: 7 | Z2: 15 | AA2: 55 | AB2: =IFERROR(ROUNDUP(G2/V2,365),0) -> 0 | AC2: =IFERROR((M2+N2+O2+P2+Q2)/V2,0) -> 0 | AD2: =IF((V2*(Y2+Z2+AA2)*W2)>G2+H2+I2,MAX(V2*Y2*Z2,X2-I2-H2-G2),) -> 0 | AE2: =IF(AB2<7,V2*7,) -> 0 | AF2: =IF(AB2<15,V2*15,) -> 0 | AG2: =IF(AB2<55,V2*55,) -> 0 | AH2: =IF(AB2<35,V2*35,) -> 0 | AI2: =IF(AB2<45,V2*45,) -> 0 | AJ2: =_xlfn.IFS(AB2>=80,"安全",AB2<5,"地狱",AB2<=10,"极度危险",AB2<=30,"十分危险",AB2>=60,"相对安全") -> 地狱 | AK2: =_xlfn.IFS(AB2<5,"红单",AB2>65,"不需要补货",AB2<=15,"空派",AB2>=55,"海派",AB2>=15,"空派") -> 红单
A3: =TODAY() -> 45989 | G3: =SUMIF('Manage FBA Inventory(EU)'!A:A,D:D,'Manage FBA Inventory(EU)'!K:K) -> 0 | H3: =SUMIF('Manage FBA Inventory(EU)'!A:A,D:D,'Manage FBA Inventory(EU)'!Q:Q) -> 0 | I3: =SUMIF('Manage FBA Inventory(EU)'!A:A,D:D,'Manage FBA Inventory(EU)'!R:R) -> 0 | J3: =SUMIF('Manage FBA Inventory(EU)'!A:A,D:D,'Manage FBA Inventory(EU)'!P:P) -> 0 | L3: =SUMIF(本地仓库存!D:D,B:B,本地仓库存!H:H) -> 0 | M3: 0 | N3: 0 | O3: 0 | P3: 0 | Q3: 0 | R3: =SUMIF(过去3天!N:N,D:D,过去3天!P:P)/3 -> 0 | S3: =SUMIF(过去7天!N:N,D:D,过去7天!P:P)/7 -> 0 | T3: =SUMIF(过去14天!N:N,D:D,过去14天!P:P)/14 -> 0 | U3: =SUMIF(过去30天!N:N,D:D,过去30天!P:P)/30 -> 0 | V3: =(R3*1.5+S3*1.2+T3*0.8+U3*0.4)/4 -> 0 | W3: 1 | X3: =V3*(Y3+Z3+AA3)*W3 -> 0 | Y3: 7 | Z3: 15 | AA3: 30 | AB3: =IFERROR(ROUNDUP(G3/V3,365),0) -> 0 | AC3: =IFERROR((M3+N3+O3+P3+Q3)/V3,0) -> 0 | AD3: =IF((V3*(Y3+Z3+AA3)*W3)>G3+H3+I3,MAX(V3*Y3*Z3,X3-I3-H3-G3),) -> 0 | AE3: =IF(AB3<7,V3*7,) -> 0 | AF3: =IF(AB3<15,V3*15,) -> 0 | AG3: =IF(AB3<55,V3*55,) -> 0 | AH3: =IF(AB3<35,V3*35,) -> 0 | AI3: =IF(AB3<45,V3*45,) -> 0 | AJ3: =_xlfn.IFS(AB3>=80,"安全",AB3<5,"地狱",AB3<=10,"极度危险",AB3<=30,"十分危险",AB3>=60,"相对安全") -> 地狱 | AK3: =_xlfn.IFS(AB3<5,"红单",AB3>65,"不需要补货",AB3<=15,"空派",AB3>=55,"海派",AB3>=15,"空派") -> 红单
A4: =TODAY() -> 45989 | G4: =SUMIF('Manage FBA Inventory(EU)'!A:A,D:D,'Manage FBA Inventory(EU)'!K:K) -> 0 | H4: =SUMIF('Manage FBA Inventory(EU)'!A:A,D:D,'Manage FBA Inventory(EU)'!Q:Q) -> 0 | I4: =SUMIF('Manage FBA Inventory(EU)'!A:A,D:D,'Manage FBA Inventory(EU)'!R:R) -> 0 | J4: =SUMIF('Manage FBA Inventory(EU)'!A:A,D:D,'Manage FBA Inventory(EU)'!P:P) -> 0 | L4: =SUMIF(本地仓库存!D:D,B:B,本地仓库存!H:H) -> 0 | M4: 0 | N4: 0 | O4: 0 | P4: 0 | Q4: 0 | R4: =SUMIF(过去3天!N:N,D:D,过去3天!P:P)/3 -> 0 | S4: =SUMIF(过去7天!N:N,D:D,过去7天!P:P)/7 -> 0 | T4: =SUMIF(过去14天!N:N,D:D,过去14天!P:P)/14 -> 0 | U4: =SUMIF(过去30天!N:N,D:D,过去30天!P:P)/30 -> 0 | V4: =(R4*1.5+S4*1.2+T4*0.8+U4*0.4)/4 -> 0 | W4: 1 | X4: =V4*(Y4+Z4+AA4)*W4 -> 0 | Y4: 7 | Z4: 15 | AA4: 55 | AB4: =IFERROR(ROUNDUP(G4/V4,365),0) -> 0 | AC4: =IFERROR((M4+N4+O4+P4+Q4)/V4,0) -> 0 | AD4: =IF((V4*(Y4+Z4+AA4)*W4)>G4+H4+I4,MAX(V4*Y4*Z4,X4-I4-H4-G4),) -> 0 | AE4: =IF(AB4<7,V4*7,) -> 0 | AF4: =IF(AB4<15,V4*15,) -> 0 | AG4: =IF(AB4<55,V4*55,) -> 0 | AH4: =IF(AB4<35,V4*35,) -> 0 | AI4: =IF(AB4<45,V4*45,) -> 0 | AJ4: =_xlfn.IFS(AB4>=80,"安全",AB4<5,"地狱",AB4<=10,"极度危险",AB4<=30,"十分危险",AB4>=60,"相对安全") -> 地狱 | AK4: =_xlfn.IFS(AB4<5,"红单",AB4>65,"不需要补货",AB4<=15,"空派",AB4>=55,"海派",AB4>=15,"空派") -> 红单
A5: =TODAY() -> 45989 | G5: =SUMIF('Manage FBA Inventory(EU)'!A:A,D:D,'Manage FBA Inventory(EU)'!K:K) -> 0 | H5: =SUMIF('Manage FBA Inventory(EU)'!A:A,D:D,'Manage FBA Inventory(EU)'!Q:Q) -> 0 | I5: =SUMIF('Manage FBA Inventory(EU)'!A:A,D:D,'Manage FBA Inventory(EU)'!R:R) -> 0 | J5: =SUMIF('Manage FBA Inventory(EU)'!A:A,D:D,'Manage FBA Inventory(EU)'!P:P) -> 0 | L5: =SUMIF(本地仓库存!D:D,B:B,本地仓库存!H:H) -> 0 | M5: 0 | N5: 0 | O5: 0 | P5: 0 | Q5: 0 | R5: =SUMIF(过去3天!N:N,D:D,过去3天!P:P)/3 -> 0 | S5: =SUMIF(过去7天!N:N,D:D,过去7天!P:P)/7 -> 0 | T5: =SUMIF(过去14天!N:N,D:D,过去14天!P:P)/14 -> 0 | U5: =SUMIF(过去30天!N:N,D:D,过去30天!P:P)/30 -> 0 | V5: =(R5*1.5+S5*1.2+T5*0.8+U5*0.4)/4 -> 0 | W5: 1 | X5: =V5*(Y5+Z5+AA5)*W5 -> 0 | Y5: 7 | Z5: 15 | AA5: 55 | AB5: =IFERROR(ROUNDUP(G5/V5,365),0) -> 0 | AC5: =IFERROR((M5+N5+O5+P5+Q5)/V5,0) -> 0 | AD5: =IF((V5*(Y5+Z5+AA5)*W5)>G5+H5+I5,MAX(V5*Y5*Z5,X5-I5-H5-G5),) -> 0 | AE5: =IF(AB5<7,V5*7,) -> 0 | AF5: =IF(AB5<15,V5*15,) -> 0 | AG5: =IF(AB5<55,V5*55,) -> 0 | AH5: =IF(AB5<35,V5*35,) -> 0 | AI5: =IF(AB5<45,V5*45,) -> 0 | AJ5: =_xlfn.IFS(AB5>=80,"安全",AB5<5,"地狱",AB5<=10,"极度危险",AB5<=30,"十分危险",AB5>=60,"相对安全") -> 地狱 | AK5: =_xlfn.IFS(AB5<5,"红单",AB5>65,"不需要补货",AB5<=15,"空派",AB5>=55,"海派",AB5>=15,"空派") -> 红单
A6: =TODAY() -> 45989 | G6: =SUMIF('Manage FBA Inventory(EU)'!A:A,D:D,'Manage FBA Inventory(EU)'!K:K) -> 0 | H6: =SUMIF('Manage FBA Inventory(EU)'!A:A,D:D,'Manage FBA Inventory(EU)'!Q:Q) -> 0 | I6: =SUMIF('Manage FBA Inventory(EU)'!A:A,D:D,'Manage FBA Inventory(EU)'!R:R) -> 0 | J6: =SUMIF('Manage FBA Inventory(EU)'!A:A,D:D,'Manage FBA Inventory(EU)'!P:P) -> 0 | L6: =SUMIF(本地仓库存!D:D,B:B,本地仓库存!H:H) -> 0 | M6: 0 | N6: 0 | O6: 0 | P6: 0 | Q6: 0 | R6: =SUMIF(过去3天!N:N,D:D,过去3天!P:P)/3 -> 0 | S6: =SUMIF(过去7天!N:N,D:D,过去7天!P:P)/7 -> 0 | T6: =SUMIF(过去14天!N:N,D:D,过去14天!P:P)/14 -> 0 | U6: =SUMIF(过去30天!N:N,D:D,过去30天!P:P)/30 -> 0 | V6: =(R6*1.5+S6*1.2+T6*0.8+U6*0.4)/4 -> 0 | W6: 1 | X6: =V6*(Y6+Z6+AA6)*W6 -> 0 | Y6: 7 | Z6: 15 | AA6: 55 | AB6: =IFERROR(ROUNDUP(G6/V6,365),0) -> 0 | AC6: =IFERROR((M6+N6+O6+P6+Q6)/V6,0) -> 0 | AD6: =IF((V6*(Y6+Z6+AA6)*W6)>G6+H6+I6,MAX(V6*Y6*Z6,X6-I6-H6-G6),) -> 0 | AE6: =IF(AB6<7,V6*7,) -> 0 | AF6: =IF(AB6<15,V6*15,) -> 0 | AG6: =IF(AB6<55,V6*55,) -> 0 | AH6: =IF(AB6<35,V6*35,) -> 0 | AI6: =IF(AB6<45,V6*45,) -> 0 | AJ6: =_xlfn.IFS(AB6>=80,"安全",AB6<5,"地狱",AB6<=10,"极度危险",AB6<=30,"十分危险",AB6>=60,"相对安全") -> 地狱 | AK6: =_xlfn.IFS(AB6<5,"红单",AB6>65,"不需要补货",AB6<=15,"空派",AB6>=55,"海派",AB6>=15,"空派") -> 红单
A7: =TODAY() -> 45989 | G7: =SUMIF('Manage FBA Inventory(EU)'!A:A,D:D,'Manage FBA Inventory(EU)'!K:K) -> 0 | H7: =SUMIF('Manage FBA Inventory(EU)'!A:A,D:D,'Manage FBA Inventory(EU)'!Q:Q) -> 0 | I7: =SUMIF('Manage FBA Inventory(EU)'!A:A,D:D,'Manage FBA Inventory(EU)'!R:R) -> 0 | J7: =SUMIF('Manage FBA Inventory(EU)'!A:A,D:D,'Manage FBA Inventory(EU)'!P:P) -> 0 | L7: =SUMIF(本地仓库存!D:D,B:B,本地仓库存!H:H) -> 0 | M7: 0 | N7: 0 | O7: 0 | P7: 0 | Q7: 0 | R7: =SUMIF(过去3天!N:N,D:D,过去3天!P:P)/3 -> 0 | S7: =SUMIF(过去7天!N:N,D:D,过去7天!P:P)/7 -> 0 | T7: =SUMIF(过去14天!N:N,D:D,过去14天!P:P)/14 -> 0 | U7: =SUMIF(过去30天!N:N,D:D,过去30天!P:P)/30 -> 0 | V7: =(R7*1.5+S7*1.2+T7*0.8+U7*0.4)/4 -> 0 | W7: 1 | X7: =V7*(Y7+Z7+AA7)*W7 -> 0 | Y7: 7 | Z7: 15 | AA7: 55 | AB7: =IFERROR(ROUNDUP(G7/V7,365),0) -> 0 | AC7: =IFERROR((M7+N7+O7+P7+Q7)/V7,0) -> 0 | AD7: =IF((V7*(Y7+Z7+AA7)*W7)>G7+H7+I7,MAX(V7*Y7*Z7,X7-I7-H7-G7),) -> 0 | AE7: =IF(AB7<7,V7*7,) -> 0 | AF7: =IF(AB7<15,V7*15,) -> 0 | AG7: =IF(AB7<55,V7*55,) -> 0 | AH7: =IF(AB7<35,V7*35,) -> 0 | AI7: =IF(AB7<45,V7*45,) -> 0 | AJ7: =_xlfn.IFS(AB7>=80,"安全",AB7<5,"地狱",AB7<=10,"极度危险",AB7<=30,"十分危险",AB7>=60,"相对安全") -> 地狱 | AK7: =_xlfn.IFS(AB7<5,"红单",AB7>65,"不需要补货",AB7<=15,"空派",AB7>=55,"海派",AB7>=15,"空派") -> 红单
A8: =TODAY() -> 45989 | G8: =SUMIF('Manage FBA Inventory(EU)'!A:A,D:D,'Manage FBA Inventory(EU)'!K:K) -> 0 | H8: =SUMIF('Manage FBA Inventory(EU)'!A:A,D:D,'Manage FBA Inventory(EU)'!Q:Q) -> 0 | I8: =SUMIF('Manage FBA Inventory(EU)'!A:A,D:D,'Manage FBA Inventory(EU)'!R:R) -> 0 | J8: =SUMIF('Manage FBA Inventory(EU)'!A:A,D:D,'Manage FBA Inventory(EU)'!P:P) -> 0 | L8: =SUMIF(本地仓库存!D:D,B:B,本地仓库存!H:H) -> 0 | M8: 0 | N8: 0 | O8: 0 | P8: 0 | Q8: 0 | R8: =SUMIF(过去3天!N:N,D:D,过去3天!P:P)/3 -> 0 | S8: =SUMIF(过去7天!N:N,D:D,过去7天!P:P)/7 -> 0 | T8: =SUMIF(过去14天!N:N,D:D,过去14天!P:P)/14 -> 0 | U8: =SUMIF(过去30天!N:N,D:D,过去30天!P:P)/30 -> 0 | V8: =(R8*1.5+S8*1.2+T8*0.8+U8*0.4)/4 -> 0 | W8: 1 | X8: =V8*(Y8+Z8+AA8)*W8 -> 0 | Y8: 7 | Z8: 15 | AA8: 55 | AB8: =IFERROR(ROUNDUP(G8/V8,365),0) -> 0 | AC8: =IFERROR((M8+N8+O8+P8+Q8)/V8,0) -> 0 | AD8: =IF((V8*(Y8+Z8+AA8)*W8)>G8+H8+I8,MAX(V8*Y8*Z8,X8-I8-H8-G8),) -> 0 | AE8: =IF(AB8<7,V8*7,) -> 0 | AF8: =IF(AB8<15,V8*15,) -> 0 | AG8: =IF(AB8<55,V8*55,) -> 0 | AH8: =IF(AB8<35,V8*35,) -> 0 | AI8: =IF(AB8<45,V8*45,) -> 0 | AJ8: =_xlfn.IFS(AB8>=80,"安全",AB8<5,"地狱",AB8<=10,"极度危险",AB8<=30,"十分危险",AB8>=60,"相对安全") -> 地狱 | AK8: =_xlfn.IFS(AB8<5,"红单",AB8>65,"不需要补货",AB8<=15,"空派",AB8>=55,"海派",AB8>=15,"空派") -> 红单
A9: =TODAY() -> 45989 | G9: =SUMIF('Manage FBA Inventory(EU)'!A:A,D:D,'Manage FBA Inventory(EU)'!K:K) -> 0 | H9: =SUMIF('Manage FBA Inventory(EU)'!A:A,D:D,'Manage FBA Inventory(EU)'!Q:Q) -> 0 | I9: =SUMIF('Manage FBA Inventory(EU)'!A:A,D:D,'Manage FBA Inventory(EU)'!R:R) -> 0 | J9: =SUMIF('Manage FBA Inventory(EU)'!A:A,D:D,'Manage FBA Inventory(EU)'!P:P) -> 0 | L9: =SUMIF(本地仓库存!D:D,B:B,本地仓库存!H:H) -> 0 | M9: 0 | N9: 480 | O9: 2160 | P9: 960 | Q9: 480 | R9: =SUMIF(过去3天!N:N,D:D,过去3天!P:P)/3 -> 0 | S9: =SUMIF(过去7天!N:N,D:D,过去7天!P:P)/7 -> 0 | T9: =SUMIF(过去14天!N:N,D:D,过去14天!P:P)/14 -> 0 | U9: =SUMIF(过去30天!N:N,D:D,过去30天!P:P)/30 -> 0 | V9: =(R9*1.5+S9*1.2+T9*0.8+U9*0.4)/4 -> 0 | W9: 1 | X9: =V9*(Y9+Z9+AA9)*W9 -> 0 | Y9: 7 | Z9: 15 | AA9: 20 | AB9: =IFERROR(ROUNDUP(G9/V9,365),0) -> 0 | AC9: =IFERROR((M9+N9+O9+P9+Q9)/V9,0) -> 0 | AD9: =IF((V9*(Y9+Z9+AA9)*W9)>G9+H9+I9,MAX(V9*Y9*Z9,X9-I9-H9-G9),) -> 0 | AE9: =IF(AB9<7,V9*7,) -> 0 | AF9: =IF(AB9<15,V9*15,) -> 0 | AG9: =IF(AB9<55,V9*55,) -> 0 | AH9: =IF(AB9<35,V9*35,) -> 0 | AI9: =IF(AB9<45,V9*45,) -> 0 | AJ9: =_xlfn.IFS(AB9>=80,"安全",AB9<5,"地狱",AB9<=10,"极度危险",AB9<=30,"十分危险",AB9>=60,"相对安全") -> 地狱 | AK9: =_xlfn.IFS(AB9<5,"红单",AB9>65,"不需要补货",AB9<=15,"空派",AB9>=55,"海派",AB9>=15,"空派") -> 红单
A10: =TODAY() -> 45989 | G10: =SUMIF('Manage FBA Inventory(EU)'!A:A,D:D,'Manage FBA Inventory(EU)'!K:K) -> 0 | H10: =SUMIF('Manage FBA Inventory(EU)'!A:A,D:D,'Manage FBA Inventory(EU)'!Q:Q) -> 0 | I10: =SUMIF('Manage FBA Inventory(EU)'!A:A,D:D,'Manage FBA Inventory(EU)'!R:R) -> 0 | J10: =SUMIF('Manage FBA Inventory(EU)'!A:A,D:D,'Manage FBA Inventory(EU)'!P:P) -> 0 | L10: =SUMIF(本地仓库存!D:D,B:B,本地仓库存!H:H) -> 0 | M10: 0 | N10: 0 | O10: 0 | P10: 0 | Q10: 0 | R10: =SUMIF(过去3天!N:N,D:D,过去3天!P:P)/3 -> 0 | S10: =SUMIF(过去7天!N:N,D:D,过去7天!P:P)/7 -> 0 | T10: =SUMIF(过去14天!N:N,D:D,过去14天!P:P)/14 -> 0 | U10: =SUMIF(过去30天!N:N,D:D,过去30天!P:P)/30 -> 0 | V10: =(R10*1.5+S10*1.2+T10*0.8+U10*0.4)/4 -> 0 | W10: 1 | X10: =V10*(Y10+Z10+AA10)*W10 -> 0 | Y10: 7 | Z10: 15 | AA10: 55 | AB10: =IFERROR(ROUNDUP(G10/V10,365),0) -> 0 | AC10: =IFERROR((M10+N10+O10+P10+Q10)/V10,0) -> 0 | AD10: =IF((V10*(Y10+Z10+AA10)*W10)>G10+H10+I10,MAX(V10*Y10*Z10,X10-I10-H10-G10),) -> 0 | AE10: =IF(AB10<7,V10*7,) -> 0 | AF10: =IF(AB10<15,V10*15,) -> 0 | AG10: =IF(AB10<55,V10*55,) -> 0 | AH10: =IF(AB10<35,V10*35,) -> 0 | AI10: =IF(AB10<45,V10*45,) -> 0 | AJ10: =_xlfn.IFS(AB10>=80,"安全",AB10<5,"地狱",AB10<=10,"极度危险",AB10<=30,"十分危险",AB10>=60,"相对安全") -> 地狱 | AK10: =_xlfn.IFS(AB10<5,"红单",AB10>65,"不需要补货",AB10<=15,"空派",AB10>=55,"海派",AB10>=15,"空派") -> 红单
A11: =TODAY() -> 45989 | G11: =SUMIF('Manage FBA Inventory(EU)'!A:A,D:D,'Manage FBA Inventory(EU)'!K:K) -> 0 | H11: =SUMIF('Manage FBA Inventory(EU)'!A:A,D:D,'Manage FBA Inventory(EU)'!Q:Q) -> 0 | I11: =SUMIF('Manage FBA Inventory(EU)'!A:A,D:D,'Manage FBA Inventory(EU)'!R:R) -> 0 | J11: =SUMIF('Manage FBA Inventory(EU)'!A:A,D:D,'Manage FBA Inventory(EU)'!P:P) -> 0 | L11: =SUMIF(本地仓库存!D:D,B:B,本地仓库存!H:H) -> 0 | M11: 0 | N11: 0 | O11: 0 | P11: 0 | Q11: 0 | R11: =SUMIF(过去3天!N:N,D:D,过去3天!P:P)/3 -> 0 | S11: =SUMIF(过去7天!N:N,D:D,过去7天!P:P)/7 -> 0 | T11: =SUMIF(过去14天!N:N,D:D,过去14天!P:P)/14 -> 0 | U11: =SUMIF(过去30天!N:N,D:D,过去30天!P:P)/30 -> 0 | V11: =(R11*1.5+S11*1.2+T11*0.8+U11*0.4)/4 -> 0 | W11: 1 | X11: =V11*(Y11+Z11+AA11)*W11 -> 0 | Y11: 7 | Z11: 15 | AA11: 55 | AB11: =IFERROR(ROUNDUP(G11/V11,365),0) -> 0 | AC11: =IFERROR((M11+N11+O11+P11+Q11)/V11,0) -> 0 | AD11: =IF((V11*(Y11+Z11+AA11)*W11)>G11+H11+I11,MAX(V11*Y11*Z11,X11-I11-H11-G11),) -> 0 | AE11: =IF(AB11<7,V11*7,) -> 0 | AF11: =IF(AB11<15,V11*15,) -> 0 | AG11: =IF(AB11<55,V11*55,) -> 0 | AH11: =IF(AB11<35,V11*35,) -> 0 | AI11: =IF(AB11<45,V11*45,) -> 0 | AJ11: =_xlfn.IFS(AB11>=80,"安全",AB11<5,"地狱",AB11<=10,"极度危险",AB11<=30,"十分危险",AB11>=60,"相对安全") -> 地狱 | AK11: =_xlfn.IFS(AB11<5,"红单",AB11>65,"不需要补货",AB11<=15,"空派",AB11>=55,"海派",AB11>=15,"空派") -> 红单
A12: =TODAY() -> 45989 | G12: =SUMIF('Manage FBA Inventory(EU)'!A:A,D:D,'Manage FBA Inventory(EU)'!K:K) -> 0 | H12: =SUMIF('Manage FBA Inventory(EU)'!A:A,D:D,'Manage FBA Inventory(EU)'!Q:Q) -> 0 | I12: =SUMIF('Manage FBA Inventory(EU)'!A:A,D:D,'Manage FBA Inventory(EU)'!R:R) -> 0 | J12: =SUMIF('Manage FBA Inventory(EU)'!A:A,D:D,'Manage FBA Inventory(EU)'!P:P) -> 0 | L12: =SUMIF(本地仓库存!D:D,B:B,本地仓库存!H:H) -> 0 | M12: 0 | N12: 0 | O12: 0 | P12: 0 | Q12: 0 | R12: =SUMIF(过去3天!N:N,D:D,过去3天!P:P)/3 -> 0 | S12: =SUMIF(过去7天!N:N,D:D,过去7天!P:P)/7 -> 0 | T12: =SUMIF(过去14天!N:N,D:D,过去14天!P:P)/14 -> 0 | U12: =SUMIF(过去30天!N:N,D:D,过去30天!P:P)/30 -> 0 | V12: =(R12*1.5+S12*1.2+T12*0.8+U12*0.4)/4 -> 0 | W12: 1 | X12: =V12*(Y12+Z12+AA12)*W12 -> 0 | Y12: 7 | Z12: 15 | AA12: 55 | AB12: =IFERROR(ROUNDUP(G12/V12,365),0) -> 0 | AC12: =IFERROR((M12+N12+O12+P12+Q12)/V12,0) -> 0 | AD12: =IF((V12*(Y12+Z12+AA12)*W12)>G12+H12+I12,MAX(V12*Y12*Z12,X12-I12-H12-G12),) -> 0 | AE12: =IF(AB12<7,V12*7,) -> 0 | AF12: =IF(AB12<15,V12*15,) -> 0 | AG12: =IF(AB12<55,V12*55,) -> 0 | AH12: =IF(AB12<35,V12*35,) -> 0 | AI12: =IF(AB12<45,V12*45,) -> 0 | AJ12: =_xlfn.IFS(AB12>=80,"安全",AB12<5,"地狱",AB12<=10,"极度危险",AB12<=30,"十分危险",AB12>=60,"相对安全") -> 地狱 | AK12: =_xlfn.IFS(AB12<5,"红单",AB12>65,"不需要补货",AB12<=15,"空派",AB12>=55,"海派",AB12>=15,"空派") -> 红单
A13: =TODAY() -> 45989 | G13: =SUMIF('Manage FBA Inventory(EU)'!A:A,D:D,'Manage FBA Inventory(EU)'!K:K) -> 0 | H13: =SUMIF('Manage FBA Inventory(EU)'!A:A,D:D,'Manage FBA Inventory(EU)'!Q:Q) -> 0 | I13: =SUMIF('Manage FBA Inventory(EU)'!A:A,D:D,'Manage FBA Inventory(EU)'!R:R) -> 0 | J13: =SUMIF('Manage FBA Inventory(EU)'!A:A,D:D,'Manage FBA Inventory(EU)'!P:P) -> 0 | L13: =SUMIF(本地仓库存!D:D,B:B,本地仓库存!H:H) -> 0 | M13: 0 | N13: 0 | O13: 0 | P13: 0 | Q13: 0 | R13: =SUMIF(过去3天!N:N,D:D,过去3天!P:P)/3 -> 0 | S13: =SUMIF(过去7天!N:N,D:D,过去7天!P:P)/7 -> 0 | T13: =SUMIF(过去14天!N:N,D:D,过去14天!P:P)/14 -> 0 | U13: =SUMIF(过去30天!N:N,D:D,过去30天!P:P)/30 -> 0 | V13: =(R13*1.5+S13*1.2+T13*0.8+U13*0.4)/4 -> 0 | W13: 1 | X13: =V13*(Y13+Z13+AA13)*W13 -> 0 | Y13: 7 | Z13: 15 | AA13: 55 | AB13: =IFERROR(ROUNDUP(G13/V13,365),0) -> 0 | AC13: =IFERROR((M13+N13+O13+P13+Q13)/V13,0) -> 0 | AD13: =IF((V13*(Y13+Z13+AA13)*W13)>G13+H13+I13,MAX(V13*Y13*Z13,X13-I13-H13-G13),) -> 0 | AE13: =IF(AB13<7,V13*7,) -> 0 | AF13: =IF(AB13<15,V13*15,) -> 0 | AG13: =IF(AB13<55,V13*55,) -> 0 | AH13: =IF(AB13<35,V13*35,) -> 0 | AI13: =IF(AB13<45,V13*45,) -> 0 | AJ13: =_xlfn.IFS(AB13>=80,"安全",AB13<5,"地狱",AB13<=10,"极度危险",AB13<=30,"十分危险",AB13>=60,"相对安全") -> 地狱 | AK13: =_xlfn.IFS(AB13<5,"红单",AB13>65,"不需要补货",AB13<=15,"空派",AB13>=55,"海派",AB13>=15,"空派") -> 红单
... A15: =TODAY() -> 45989 | G15: =SUMIF('Manage FBA Inventory(EU)'!A:A,D:D,'Manage FBA Inventory(EU)'!K:K) -> 0 | H15: =SUMIF('Manage FBA Inventory(EU)'!A:A,D:D,'Manage FBA Inventory(EU)'!Q:Q) -> 0 | I15: =SUMIF('Manage FBA Inventory(EU)'!A:A,D:D,'Manage FBA Inventory(EU)'!R:R) -> 0 | J15: =SUMIF('Manage FBA Inventory(EU)'!A:A,D:D,'Manage FBA Inventory(EU)'!P:P) -> 0 | L15: =SUMIF(本地仓库存!D:D,B:B,本地仓库存!H:H) -> 0 | M15: 0 | N15: 0 | O15: 0 | P15: 0 | Q15: 0 | R15: =SUMIF(过去3天!N:N,D:D,过去3天!P:P)/3 -> 0 | S15: =SUMIF(过去7天!N:N,D:D,过去7天!P:P)/7 -> 0 | T15: =SUMIF(过去14天!N:N,D:D,过去14天!P:P)/14 -> 0 | U15: =SUMIF(过去30天!N:N,D:D,过去30天!P:P)/30 -> 0 | V15: =(R15*1.5+S15*1.2+T15*0.8+U15*0.4)/4 -> 0 | W15: 1 | X15: =V15*(Y15+Z15+AA15)*W15 -> 0 | Y15: 7 | Z15: 15 | AA15: 55 | AB15: =IFERROR(ROUNDUP(G15/V15,365),0) -> 0 | AC15: =IFERROR((M15+N15+O15+P15+Q15)/V15,0) -> 0 | AD15: =IF((V15*(Y15+Z15+AA15)*W15)>G15+H15+I15,MAX(V15*Y15*Z15,X15-I15-H15-G15),) -> 0 | AE15: =IF(AB15<7,V15*7,) -> 0 | AF15: =IF(AB15<15,V15*15,) -> 0 | AG15: =IF(AB15<55,V15*55,) -> 0 | AH15: =IF(AB15<35,V15*35,) -> 0 | AI15: =IF(AB15<45,V15*45,) -> 0 | AJ15: =_xlfn.IFS(AB15>=80,"安全",AB15<5,"地狱",AB15<=10,"极度危险",AB15<=30,"十分危险",AB15>=60,"相对安全") -> 地狱 | AK15: =_xlfn.IFS(AB15<5,"红单",AB15>65,"不需要补货",AB15<=15,"空派",AB15>=55,"海派",AB15>=15,"空派") -> 红单
A16: =TODAY() -> 45989 | G16: =SUMIF('Manage FBA Inventory(EU)'!A:A,D:D,'Manage FBA Inventory(EU)'!K:K) -> 0 | H16: =SUMIF('Manage FBA Inventory(EU)'!A:A,D:D,'Manage FBA Inventory(EU)'!Q:Q) -> 0 | I16: =SUMIF('Manage FBA Inventory(EU)'!A:A,D:D,'Manage FBA Inventory(EU)'!R:R) -> 0 | J16: =SUMIF('Manage FBA Inventory(EU)'!A:A,D:D,'Manage FBA Inventory(EU)'!P:P) -> 0 | L16: =SUMIF(本地仓库存!D:D,B:B,本地仓库存!H:H) -> 0 | M16: 0 | N16: 0 | O16: 0 | P16: 0 | Q16: 0 | R16: =SUMIF(过去3天!N:N,D:D,过去3天!P:P)/3 -> 0 | S16: =SUMIF(过去7天!N:N,D:D,过去7天!P:P)/7 -> 0 | T16: =SUMIF(过去14天!N:N,D:D,过去14天!P:P)/14 -> 0 | U16: =SUMIF(过去30天!N:N,D:D,过去30天!P:P)/30 -> 0 | V16: =(R16*1.5+S16*1.2+T16*0.8+U16*0.4)/4 -> 0 | W16: 1 | X16: =V16*(Y16+Z16+AA16)*W16 -> 0 | Y16: 7 | Z16: 15 | AA16: 55 | AB16: =IFERROR(ROUNDUP(G16/V16,365),0) -> 0 | AC16: =IFERROR((M16+N16+O16+P16+Q16)/V16,0) -> 0 | AD16: =IF((V16*(Y16+Z16+AA16)*W16)>G16+H16+I16,MAX(V16*Y16*Z16,X16-I16-H16-G16),) -> 0 | AE16: =IF(AB16<7,V16*7,) -> 0 | AF16: =IF(AB16<15,V16*15,) -> 0 | AG16: =IF(AB16<55,V16*55,) -> 0 | AH16: =IF(AB16<35,V16*35,) -> 0 | AI16: =IF(AB16<45,V16*45,) -> 0 | AJ16: =_xlfn.IFS(AB16>=80,"安全",AB16<5,"地狱",AB16<=10,"极度危险",AB16<=35,"十分危险",AB16>=60,"相对安全") -> 地狱 | AK16: =_xlfn.IFS(AB16<5,"红单",AB16>65,"不需要补货",AB16<=15,"空派",AB16>=55,"海派",AB16>=15,"空派") -> 红单
A17: =TODAY() -> 45989 | G17: =SUMIF('Manage FBA Inventory(EU)'!A:A,D:D,'Manage FBA Inventory(EU)'!K:K) -> 0 | H17: =SUMIF('Manage FBA Inventory(EU)'!A:A,D:D,'Manage FBA Inventory(EU)'!Q:Q) -> 0 | I17: =SUMIF('Manage FBA Inventory(EU)'!A:A,D:D,'Manage FBA Inventory(EU)'!R:R) -> 0 | J17: =SUMIF('Manage FBA Inventory(EU)'!A:A,D:D,'Manage FBA Inventory(EU)'!P:P) -> 0 | L17: =SUMIF(本地仓库存!D:D,B:B,本地仓库存!H:H) -> 0 | M17: 0 | N17: 0 | O17: 0 | P17: 0 | Q17: 0 | R17: =SUMIF(过去3天!N:N,D:D,过去3天!P:P)/3 -> 0 | S17: =SUMIF(过去7天!N:N,D:D,过去7天!P:P)/7 -> 0 | T17: =SUMIF(过去14天!N:N,D:D,过去14天!P:P)/14 -> 0 | U17: =SUMIF(过去30天!N:N,D:D,过去30天!P:P)/30 -> 0 | V17: =(R17*1.5+S17*1.2+T17*0.8+U17*0.4)/4 -> 0 | W17: 1 | X17: =V17*(Y17+Z17+AA17)*W17 -> 0 | Y17: 7 | Z17: 15 | AA17: 55 | AB17: =IFERROR(ROUNDUP(G17/V17,365),0) -> 0 | AC17: =IFERROR((M17+N17+O17+P17+Q17)/V17,0) -> 0 | AD17: =IF((V17*(Y17+Z17+AA17)*W17)>G17+H17+I17,MAX(V17*Y17*Z17,X17-I17-H17-G17),) -> 0 | AE17: =IF(AB17<7,V17*7,) -> 0 | AF17: =IF(AB17<15,V17*15,) -> 0 | AG17: =IF(AB17<55,V17*55,) -> 0 | AH17: =IF(AB17<35,V17*35,) -> 0 | AI17: =IF(AB17<45,V17*45,) -> 0 | AJ17: =_xlfn.IFS(AB17>=80,"安全",AB17<5,"地狱",AB17<=10,"极度危险",AB17<=30,"十分危险",AB17>=60,"相对安全") -> 地狱 | AK17: =_xlfn.IFS(AB17<5,"红单",AB17>65,"不需要补货",AB17<=15,"空派",AB17>=55,"海派",AB17>=15,"空派") -> 红单
A18: =TODAY() -> 45989 | G18: =SUMIF('Manage FBA Inventory(EU)'!A:A,D:D,'Manage FBA Inventory(EU)'!K:K) -> 0 | H18: =SUMIF('Manage FBA Inventory(EU)'!A:A,D:D,'Manage FBA Inventory(EU)'!Q:Q) -> 0 | I18: =SUMIF('Manage FBA Inventory(EU)'!A:A,D:D,'Manage FBA Inventory(EU)'!R:R) -> 0 | J18: =SUMIF('Manage FBA Inventory(EU)'!A:A,D:D,'Manage FBA Inventory(EU)'!P:P) -> 0 | L18: =SUMIF(本地仓库存!D:D,B:B,本地仓库存!H:H) -> 0 | M18: 0 | N18: 0 | O18: 0 | P18: 0 | Q18: 0 | R18: =SUMIF(过去3天!N:N,D:D,过去3天!P:P)/3 -> 0 | S18: =SUMIF(过去7天!N:N,D:D,过去7天!P:P)/7 -> 0 | T18: =SUMIF(过去14天!N:N,D:D,过去14天!P:P)/14 -> 0 | U18: =SUMIF(过去30天!N:N,D:D,过去30天!P:P)/30 -> 0 | V18: =(R18*1.5+S18*1.2+T18*0.8+U18*0.4)/4 -> 0 | W18: 1 | X18: =V18*(Y18+Z18+AA18)*W18 -> 0 | Y18: 7 | Z18: 15 | AA18: 55 | AB18: =IFERROR(ROUNDUP(G18/V18,365),0) -> 0 | AC18: =IFERROR((M18+N18+O18+P18+Q18)/V18,0) -> 0 | AD18: =IF((V18*(Y18+Z18+AA18)*W18)>G18+H18+I18,MAX(V18*Y18*Z18,X18-I18-H18-G18),) -> 0 | AE18: =IF(AB18<7,V18*7,) -> 0 | AF18: =IF(AB18<15,V18*15,) -> 0 | AG18: =IF(AB18<55,V18*55,) -> 0 | AH18: =IF(AB18<35,V18*35,) -> 0 | AI18: =IF(AB18<45,V18*45,) -> 0 | AJ18: =_xlfn.IFS(AB18>=80,"安全",AB18<5,"地狱",AB18<=10,"极度危险",AB18<=30,"十分危险",AB18>=60,"相对安全") -> 地狱 | AK18: =_xlfn.IFS(AB18<5,"红单",AB18>65,"不需要补货",AB18<=15,"空派",AB18>=55,"海派",AB18>=15,"空派") -> 红单
A19: =TODAY() -> 45989 | G19: =SUMIF('Manage FBA Inventory(EU)'!A:A,D:D,'Manage FBA Inventory(EU)'!K:K) -> 0 | H19: =SUMIF('Manage FBA Inventory(EU)'!A:A,D:D,'Manage FBA Inventory(EU)'!Q:Q) -> 0 | I19: =SUMIF('Manage FBA Inventory(EU)'!A:A,D:D,'Manage FBA Inventory(EU)'!R:R) -> 0 | J19: =SUMIF('Manage FBA Inventory(EU)'!A:A,D:D,'Manage FBA Inventory(EU)'!P:P) -> 0 | L19: =SUMIF(本地仓库存!D:D,B:B,本地仓库存!H:H) -> 0 | M19: 0 | N19: 0 | O19: 0 | P19: 0 | Q19: 0 | R19: =SUMIF(过去3天!N:N,D:D,过去3天!P:P)/3 -> 0 | S19: =SUMIF(过去7天!N:N,D:D,过去7天!P:P)/7 -> 0 | T19: =SUMIF(过去14天!N:N,D:D,过去14天!P:P)/14 -> 0 | U19: =SUMIF(过去30天!N:N,D:D,过去30天!P:P)/30 -> 0 | V19: =(R19*1.5+S19*1.2+T19*0.8+U19*0.4)/4 -> 0 | W19: 1 | X19: =V19*(Y19+Z19+AA19)*W19 -> 0 | Y19: 7 | Z19: 15 | AA19: 55 | AB19: =IFERROR(ROUNDUP(G19/V19,365),0) -> 0 | AC19: =IFERROR((M19+N19+O19+P19+Q19)/V19,0) -> 0 | AD19: =IF((V19*(Y19+Z19+AA19)*W19)>G19+H19+I19,MAX(V19*Y19*Z19,X19-I19-H19-G19),) -> 0 | AE19: =IF(AB19<7,V19*7,) -> 0 | AF19: =IF(AB19<15,V19*15,) -> 0 | AG19: =IF(AB19<55,V19*55,) -> 0 | AH19: =IF(AB19<35,V19*35,) -> 0 | AI19: =IF(AB19<45,V19*45,) -> 0 | AJ19: =_xlfn.IFS(AB19>=80,"安全",AB19<5,"地狱",AB19<=10,"极度危险",AB19<=30,"十分危险",AB19>=60,"相对安全") -> 地狱 | AK19: =_xlfn.IFS(AB19<5,"红单",AB19>65,"不需要补货",AB19<=15,"空派",AB19>=55,"海派",AB19>=15,"空派") -> 红单
A20: =TODAY() -> 45989 | G20: =SUMIF('Manage FBA Inventory(EU)'!A:A,D:D,'Manage FBA Inventory(EU)'!K:K) -> 0 | H20: =SUMIF('Manage FBA Inventory(EU)'!A:A,D:D,'Manage FBA Inventory(EU)'!Q:Q) -> 0 | I20: =SUMIF('Manage FBA Inventory(EU)'!A:A,D:D,'Manage FBA Inventory(EU)'!R:R) -> 0 | J20: =SUMIF('Manage FBA Inventory(EU)'!A:A,D:D,'Manage FBA Inventory(EU)'!P:P) -> 0 | L20: =SUMIF(本地仓库存!D:D,B:B,本地仓库存!H:H) -> 0 | M20: 0 | N20: 0 | O20: 0 | P20: 0 | Q20: 0 | R20: =SUMIF(过去3天!N:N,D:D,过去3天!P:P)/3 -> 0 | S20: =SUMIF(过去7天!N:N,D:D,过去7天!P:P)/7 -> 0 | T20: =SUMIF(过去14天!N:N,D:D,过去14天!P:P)/14 -> 0 | U20: =SUMIF(过去30天!N:N,D:D,过去30天!P:P)/30 -> 0 | V20: =(R20*1.5+S20*1.2+T20*0.8+U20*0.4)/4 -> 0 | W20: 1 | X20: =V20*(Y20+Z20+AA20)*W20 -> 0 | Y20: 7 | Z20: 15 | AA20: 20 | AB20: =IFERROR(ROUNDUP(G20/V20,365),0) -> 0 | AC20: =IFERROR((M20+N20+O20+P20+Q20)/V20,0) -> 0 | AD20: =IF((V20*(Y20+Z20+AA20)*W20)>G20+H20+I20,MAX(V20*Y20*Z20,X20-I20-H20-G20),) -> 0 | AE20: =IF(AB20<7,V20*7,) -> 0 | AF20: =IF(AB20<15,V20*15,) -> 0 | AG20: =IF(AB20<55,V20*55,) -> 0 | AH20: =IF(AB20<35,V20*35,) -> 0 | AI20: =IF(AB20<45,V20*45,) -> 0 | AJ20: =_xlfn.IFS(AB20>=80,"安全",AB20<5,"地狱",AB20<=10,"极度危险",AB20<=30,"十分危险",AB20>=60,"相对安全") -> 地狱 | AK20: =_xlfn.IFS(AB20<5,"红单",AB20>65,"不需要补货",AB20<=15,"空派",AB20>=55,"海派",AB20>=15,"空派") -> 红单
A21: =TODAY() -> 45989 | G21: =SUMIF('Manage FBA Inventory(EU)'!A:A,D:D,'Manage FBA Inventory(EU)'!K:K) -> 0 | H21: =SUMIF('Manage FBA Inventory(EU)'!A:A,D:D,'Manage FBA Inventory(EU)'!Q:Q) -> 0 | I21: =SUMIF('Manage FBA Inventory(EU)'!A:A,D:D,'Manage FBA Inventory(EU)'!R:R) -> 0 | J21: =SUMIF('Manage FBA Inventory(EU)'!A:A,D:D,'Manage FBA Inventory(EU)'!P:P) -> 0 | L21: =SUMIF(本地仓库存!D:D,B:B,本地仓库存!H:H) -> 0 | M21: 0 | N21: 0 | O21: 0 | P21: 0 | Q21: 0 | R21: =SUMIF(过去3天!N:N,D:D,过去3天!P:P)/3 -> 0 | S21: =SUMIF(过去7天!N:N,D:D,过去7天!P:P)/7 -> 0 | T21: =SUMIF(过去14天!N:N,D:D,过去14天!P:P)/14 -> 0 | U21: =SUMIF(过去30天!N:N,D:D,过去30天!P:P)/30 -> 0 | V21: =(R21*1.5+S21*1.2+T21*0.8+U21*0.4)/4 -> 0 | W21: 1 | X21: =V21*(Y21+Z21+AA21)*W21 -> 0 | Y21: 7 | Z21: 15 | AA21: 55 | AB21: =IFERROR(ROUNDUP(G21/V21,365),0) -> 0 | AC21: =IFERROR((M21+N21+O21+P21+Q21)/V21,0) -> 0 | AD21: =IF((V21*(Y21+Z21+AA21)*W21)>G21+H21+I21,MAX(V21*Y21*Z21,X21-I21-H21-G21),) -> 0 | AE21: =IF(AB21<7,V21*7,) -> 0 | AF21: =IF(AB21<15,V21*15,) -> 0 | AG21: =IF(AB21<55,V21*55,) -> 0 | AH21: =IF(AB21<35,V21*35,) -> 0 | AI21: =IF(AB21<45,V21*45,) -> 0 | AJ21: =_xlfn.IFS(AB21>=80,"安全",AB21<5,"地狱",AB21<=10,"极度危险",AB21<=30,"十分危险",AB21>=60,"相对安全") -> 地狱 | AK21: =_xlfn.IFS(AB21<5,"红单",AB21>65,"不需要补货",AB21<=15,"空派",AB21>=55,"海派",AB21>=15,"空派") -> 红单
A22: =TODAY() -> 45989 | G22: =SUMIF('Manage FBA Inventory(EU)'!A:A,D:D,'Manage FBA Inventory(EU)'!K:K) -> 0 | H22: =SUMIF('Manage FBA Inventory(EU)'!A:A,D:D,'Manage FBA Inventory(EU)'!Q:Q) -> 0 | I22: =SUMIF('Manage FBA Inventory(EU)'!A:A,D:D,'Manage FBA Inventory(EU)'!R:R) -> 0 | J22: =SUMIF('Manage FBA Inventory(EU)'!A:A,D:D,'Manage FBA Inventory(EU)'!P:P) -> 0 | L22: =SUMIF(本地仓库存!D:D,B:B,本地仓库存!H:H) -> 0 | M22: 0 | N22: 0 | O22: 0 | P22: 0 | Q22: 0 | R22: =SUMIF(过去3天!N:N,D:D,过去3天!P:P)/3 -> 0 | S22: =SUMIF(过去7天!N:N,D:D,过去7天!P:P)/7 -> 0 | T22: =SUMIF(过去14天!N:N,D:D,过去14天!P:P)/14 -> 0 | U22: =SUMIF(过去30天!N:N,D:D,过去30天!P:P)/30 -> 0 | V22: =(R22*1.5+S22*1.2+T22*0.8+U22*0.4)/4 -> 0 | W22: 1 | X22: =V22*(Y22+Z22+AA22)*W22 -> 0 | Y22: 7 | Z22: 15 | AA22: 55 | AB22: =IFERROR(ROUNDUP(G22/V22,365),0) -> 0 | AC22: =IFERROR((M22+N22+O22+P22+Q22)/V22,0) -> 0 | AD22: =IF((V22*(Y22+Z22+AA22)*W22)>G22+H22+I22,MAX(V22*Y22*Z22,X22-I22-H22-G22),) -> 0 | AE22: =IF(AB22<7,V22*7,) -> 0 | AF22: =IF(AB22<15,V22*15,) -> 0 | AG22: =IF(AB22<55,V22*55,) -> 0 | AH22: =IF(AB22<35,V22*35,) -> 0 | AI22: =IF(AB22<45,V22*45,) -> 0 | AJ22: =_xlfn.IFS(AB22>=80,"安全",AB22<5,"地狱",AB22<=10,"极度危险",AB22<=30,"十分危险",AB22>=60,"相对安全") -> 地狱 | AK22: =_xlfn.IFS(AB22<5,"红单",AB22>65,"不需要补货",AB22<=15,"空派",AB22>=55,"海派",AB22>=15,"空派") -> 红单
A23: =TODAY() -> 45989 | G23: =SUMIF('Manage FBA Inventory(EU)'!A:A,D:D,'Manage FBA Inventory(EU)'!K:K) -> 0 | H23: =SUMIF('Manage FBA Inventory(EU)'!A:A,D:D,'Manage FBA Inventory(EU)'!Q:Q) -> 0 | I23: =SUMIF('Manage FBA Inventory(EU)'!A:A,D:D,'Manage FBA Inventory(EU)'!R:R) -> 0 | J23: =SUMIF('Manage FBA Inventory(EU)'!A:A,D:D,'Manage FBA Inventory(EU)'!P:P) -> 0 | L23: =SUMIF(本地仓库存!D:D,B:B,本地仓库存!H:H) -> 0 | M23: 0 | N23: 0 | O23: 0 | P23: 0 | Q23: 0 | R23: =SUMIF(过去3天!N:N,D:D,过去3天!P:P)/3 -> 0 | S23: =SUMIF(过去7天!N:N,D:D,过去7天!P:P)/7 -> 0 | T23: =SUMIF(过去14天!N:N,D:D,过去14天!P:P)/14 -> 0 | U23: =SUMIF(过去30天!N:N,D:D,过去30天!P:P)/30 -> 0 | V23: =(R23*1.5+S23*1.2+T23*0.8+U23*0.4)/4 -> 0 | W23: 1 | X23: =V23*(Y23+Z23+AA23)*W23 -> 0 | Y23: 7 | Z23: 15 | AA23: 55 | AB23: =IFERROR(ROUNDUP(G23/V23,365),0) -> 0 | AC23: =IFERROR((M23+N23+O23+P23+Q23)/V23,0) -> 0 | AD23: =IF((V23*(Y23+Z23+AA23)*W23)>G23+H23+I23,MAX(V23*Y23*Z23,X23-I23-H23-G23),) -> 0 | AE23: =IF(AB23<7,V23*7,) -> 0 | AF23: =IF(AB23<15,V23*15,) -> 0 | AG23: =IF(AB23<55,V23*55,) -> 0 | AH23: =IF(AB23<35,V23*35,) -> 0 | AI23: =IF(AB23<45,V23*45,) -> 0 | AJ23: =_xlfn.IFS(AB23>=80,"安全",AB23<5,"地狱",AB23<=10,"极度危险",AB23<=30,"十分危险",AB23>=60,"相对安全") -> 地狱 | AK23: =_xlfn.IFS(AB23<5,"红单",AB23>65,"不需要补货",AB23<=15,"空派",AB23>=55,"海派",AB23>=15,"空派") -> 红单
A24: =TODAY() -> 45989 | G24: =SUMIF('Manage FBA Inventory(EU)'!A:A,D:D,'Manage FBA Inventory(EU)'!K:K) -> 0 | H24: =SUMIF('Manage FBA Inventory(EU)'!A:A,D:D,'Manage FBA Inventory(EU)'!Q:Q) -> 0 | I24: =SUMIF('Manage FBA Inventory(EU)'!A:A,D:D,'Manage FBA Inventory(EU)'!R:R) -> 0 | J24: =SUMIF('Manage FBA Inventory(EU)'!A:A,D:D,'Manage FBA Inventory(EU)'!P:P) -> 0 | L24: =SUMIF(本地仓库存!D:D,B:B,本地仓库存!H:H) -> 0 | M24: 0 | N24: 0 | O24: 0 | P24: 0 | Q24: 0 | R24: =SUMIF(过去3天!N:N,D:D,过去3天!P:P)/3 -> 0 | S24: =SUMIF(过去7天!N:N,D:D,过去7天!P:P)/7 -> 0 | T24: =SUMIF(过去14天!N:N,D:D,过去14天!P:P)/14 -> 0 | U24: =SUMIF(过去30天!N:N,D:D,过去30天!P:P)/30 -> 0 | V24: =(R24*1.5+S24*1.2+T24*0.8+U24*0.4)/4 -> 0 | W24: 1 | X24: =V24*(Y24+Z24+AA24)*W24 -> 0 | Y24: 7 | Z24: 15 | AA24: 55 | AB24: =IFERROR(ROUNDUP(G24/V24,365),0) -> 0 | AC24: =IFERROR((M24+N24+O24+P24+Q24)/V24,0) -> 0 | AD24: =IF((V24*(Y24+Z24+AA24)*W24)>G24+H24+I24,MAX(V24*Y24*Z24,X24-I24-H24-G24),) -> 0 | AE24: =IF(AB24<7,V24*7,) -> 0 | AF24: =IF(AB24<15,V24*15,) -> 0 | AG24: =IF(AB24<55,V24*55,) -> 0 | AH24: =IF(AB24<35,V24*35,) -> 0 | AI24: =IF(AB24<45,V24*45,) -> 0 | AJ24: =_xlfn.IFS(AB24>=80,"安全",AB24<5,"地狱",AB24<=10,"极度危险",AB24<=30,"十分危险",AB24>=60,"相对安全") -> 地狱 | AK24: =_xlfn.IFS(AB24<5,"红单",AB24>65,"不需要补货",AB24<=15,"空派",AB24>=55,"海派",AB24>=15,"空派") -> 红单
A25: =TODAY() -> 45989 | G25: =SUMIF('Manage FBA Inventory(EU)'!A:A,D:D,'Manage FBA Inventory(EU)'!K:K) -> 0 | H25: =SUMIF('Manage FBA Inventory(EU)'!A:A,D:D,'Manage FBA Inventory(EU)'!Q:Q) -> 0 | I25: =SUMIF('Manage FBA Inventory(EU)'!A:A,D:D,'Manage FBA Inventory(EU)'!R:R) -> 0 | J25: =SUMIF('Manage FBA Inventory(EU)'!A:A,D:D,'Manage FBA Inventory(EU)'!P:P) -> 0 | L25: =SUMIF(本地仓库存!D:D,B:B,本地仓库存!H:H) -> 0 | M25: 0 | N25: 0 | O25: 0 | P25: 0 | Q25: 0 | R25: =SUMIF(过去3天!N:N,D:D,过去3天!P:P)/3 -> 0 | S25: =SUMIF(过去7天!N:N,D:D,过去7天!P:P)/7 -> 0 | T25: =SUMIF(过去14天!N:N,D:D,过去14天!P:P)/14 -> 0 | U25: =SUMIF(过去30天!N:N,D:D,过去30天!P:P)/30 -> 0 | V25: =(R25*1.5+S25*1.2+T25*0.8+U25*0.4)/4 -> 0 | W25: 1 | X25: =V25*(Y25+Z25+AA25)*W25 -> 0 | Y25: 7 | Z25: 15 | AA25: 55 | AB25: =IFERROR(ROUNDUP(G25/V25,365),0) -> 0 | AC25: =IFERROR((M25+N25+O25+P25+Q25)/V25,0) -> 0 | AD25: =IF((V25*(Y25+Z25+AA25)*W25)>G25+H25+I25,MAX(V25*Y25*Z25,X25-I25-H25-G25),) -> 0 | AE25: =IF(AB25<7,V25*7,) -> 0 | AF25: =IF(AB25<15,V25*15,) -> 0 | AG25: =IF(AB25<55,V25*55,) -> 0 | AH25: =IF(AB25<35,V25*35,) -> 0 | AI25: =IF(AB25<45,V25*45,) -> 0 | AJ25: =_xlfn.IFS(AB25>=80,"安全",AB25<5,"地狱",AB25<=10,"极度危险",AB25<=30,"十分危险",AB25>=60,"相对安全") -> 地狱 | AK25: =_xlfn.IFS(AB25<5,"红单",AB25>65,"不需要补货",AB25<=15,"空派",AB25>=55,"海派",AB25>=15,"空派") -> 红单
A26: =TODAY() -> 45989 | G26: =SUMIF('Manage FBA Inventory(EU)'!A:A,D:D,'Manage FBA Inventory(EU)'!K:K) -> 0 | H26: =SUMIF('Manage FBA Inventory(EU)'!A:A,D:D,'Manage FBA Inventory(EU)'!Q:Q) -> 0 | I26: =SUMIF('Manage FBA Inventory(EU)'!A:A,D:D,'Manage FBA Inventory(EU)'!R:R) -> 0 | J26: =SUMIF('Manage FBA Inventory(EU)'!A:A,D:D,'Manage FBA Inventory(EU)'!P:P) -> 0 | L26: =SUMIF(本地仓库存!D:D,B:B,本地仓库存!H:H) -> 0 | M26: 0 | N26: 0 | O26: 0 | P26: 0 | Q26: 0 | R26: =SUMIF(过去3天!N:N,D:D,过去3天!P:P)/3 -> 0 | S26: =SUMIF(过去7天!N:N,D:D,过去7天!P:P)/7 -> 0 | T26: =SUMIF(过去14天!N:N,D:D,过去14天!P:P)/14 -> 0 | U26: =SUMIF(过去30天!N:N,D:D,过去30天!P:P)/30 -> 0 | V26: =(R26*1.5+S26*1.2+T26*0.8+U26*0.4)/4 -> 0 | W26: 1 | X26: =V26*(Y26+Z26+AA26)*W26 -> 0 | Y26: 7 | Z26: 15 | AA26: 55 | AB26: =IFERROR(ROUNDUP(G26/V26,365),0) -> 0 | AC26: =IFERROR((M26+N26+O26+P26+Q26)/V26,0) -> 0 | AD26: =IF((V26*(Y26+Z26+AA26)*W26)>G26+H26+I26,MAX(V26*Y26*Z26,X26-I26-H26-G26),) -> 0 | AE26: =IF(AB26<7,V26*7,) -> 0 | AF26: =IF(AB26<15,V26*15,) -> 0 | AG26: =IF(AB26<55,V26*55,) -> 0 | AH26: =IF(AB26<35,V26*35,) -> 0 | AI26: =IF(AB26<45,V26*45,) -> 0 | AJ26: =_xlfn.IFS(AB26>=80,"安全",AB26<5,"地狱",AB26<=10,"极度危险",AB26<=30,"十分危险",AB26>=60,"相对安全") -> 地狱 | AK26: =_xlfn.IFS(AB26<5,"红单",AB26>65,"不需要补货",AB26<=15,"空派",AB26>=55,"海派",AB26>=15,"空派") -> 红单
A27: =TODAY() -> 45989 | G27: =SUMIF('Manage FBA Inventory(EU)'!A:A,D:D,'Manage FBA Inventory(EU)'!K:K) -> 0 | H27: =SUMIF('Manage FBA Inventory(EU)'!A:A,D:D,'Manage FBA Inventory(EU)'!Q:Q) -> 0 | I27: =SUMIF('Manage FBA Inventory(EU)'!A:A,D:D,'Manage FBA Inventory(EU)'!R:R) -> 0 | J27: =SUMIF('Manage FBA Inventory(EU)'!A:A,D:D,'Manage FBA Inventory(EU)'!P:P) -> 0 | L27: =SUMIF(本地仓库存!D:D,B:B,本地仓库存!H:H) -> 0 | M27: 0 | N27: 0 | O27: 0 | P27: 0 | Q27: 0 | R27: =SUMIF(过去3天!N:N,D:D,过去3天!P:P)/3 -> 0 | S27: =SUMIF(过去7天!N:N,D:D,过去7天!P:P)/7 -> 0 | T27: =SUMIF(过去14天!N:N,D:D,过去14天!P:P)/14 -> 0 | U27: =SUMIF(过去30天!N:N,D:D,过去30天!P:P)/30 -> 0 | V27: =(R27*1.5+S27*1.2+T27*0.8+U27*0.4)/4 -> 0 | W27: 1 | X27: =V27*(Y27+Z27+AA27)*W27 -> 0 | Y27: 7 | Z27: 15 | AA27: 55 | AB27: =IFERROR(ROUNDUP(G27/V27,365),0) -> 0 | AC27: =IFERROR((M27+N27+O27+P27+Q27)/V27,0) -> 0 | AD27: =IF((V27*(Y27+Z27+AA27)*W27)>G27+H27+I27,MAX(V27*Y27*Z27,X27-I27-H27-G27),) -> 0 | AE27: =IF(AB27<7,V27*7,) -> 0 | AF27: =IF(AB27<15,V27*15,) -> 0 | AG27: =IF(AB27<55,V27*55,) -> 0 | AH27: =IF(AB27<35,V27*35,) -> 0 | AI27: =IF(AB27<45,V27*45,) -> 0 | AJ27: =_xlfn.IFS(AB27>=80,"安全",AB27<5,"地狱",AB27<=10,"极度危险",AB27<=30,"十分危险",AB27>=60,"相对安全") -> 地狱 | AK27: =_xlfn.IFS(AB27<5,"红单",AB27>65,"不需要补货",AB27<=15,"空派",AB27>=55,"海派",AB27>=15,"空派") -> 红单
A28: =TODAY() -> 45989 | G28: =SUMIF('Manage FBA Inventory(EU)'!A:A,D:D,'Manage FBA Inventory(EU)'!K:K) -> 0 | H28: =SUMIF('Manage FBA Inventory(EU)'!A:A,D:D,'Manage FBA Inventory(EU)'!Q:Q) -> 0 | I28: =SUMIF('Manage FBA Inventory(EU)'!A:A,D:D,'Manage FBA Inventory(EU)'!R:R) -> 0 | J28: =SUMIF('Manage FBA Inventory(EU)'!A:A,D:D,'Manage FBA Inventory(EU)'!P:P) -> 0 | L28: =SUMIF(本地仓库存!D:D,B:B,本地仓库存!H:H) -> 0 | M28: 0 | N28: 0 | O28: 0 | P28: 0 | Q28: 0 | R28: =SUMIF(过去3天!N:N,D:D,过去3天!P:P)/3 -> 0 | S28: =SUMIF(过去7天!N:N,D:D,过去7天!P:P)/7 -> 0 | T28: =SUMIF(过去14天!N:N,D:D,过去14天!P:P)/14 -> 0 | U28: =SUMIF(过去30天!N:N,D:D,过去30天!P:P)/30 -> 0 | V28: =(R28*1.5+S28*1.2+T28*0.8+U28*0.4)/4 -> 0 | W28: 1 | X28: =V28*(Y28+Z28+AA28)*W28 -> 0 | Y28: 7 | Z28: 15 | AA28: 55 | AB28: =IFERROR(ROUNDUP(G28/V28,365),0) -> 0 | AC28: =IFERROR((M28+N28+O28+P28+Q28)/V28,0) -> 0 | AD28: =IF((V28*(Y28+Z28+AA28)*W28)>G28+H28+I28,MAX(V28*Y28*Z28,X28-I28-H28-G28),) -> 0 | AE28: =IF(AB28<7,V28*7,) -> 0 | AF28: =IF(AB28<15,V28*15,) -> 0 | AG28: =IF(AB28<55,V28*55,) -> 0 | AH28: =IF(AB28<35,V28*35,) -> 0 | AI28: =IF(AB28<45,V28*45,) -> 0 | AJ28: =_xlfn.IFS(AB28>=80,"安全",AB28<5,"地狱",AB28<=10,"极度危险",AB28<=30,"十分危险",AB28>=60,"相对安全") -> 地狱 | AK28: =_xlfn.IFS(AB28<5,"红单",AB28>65,"不需要补货",AB28<=15,"空派",AB28>=55,"海派",AB28>=15,"空派") -> 红单
... A62: =TODAY() -> 45989 | G62: =SUMIF('Manage FBA Inventory(EU)'!A:A,D:D,'Manage FBA Inventory(EU)'!K:K) -> 0 | H62: =SUMIF('Manage FBA Inventory(EU)'!A:A,D:D,'Manage FBA Inventory(EU)'!Q:Q) -> 0 | I62: =SUMIF('Manage FBA Inventory(EU)'!A:A,D:D,'Manage FBA Inventory(EU)'!R:R) -> 0 | J62: =SUMIF('Manage FBA Inventory(EU)'!A:A,D:D,'Manage FBA Inventory(EU)'!P:P) -> 0 | L62: =SUMIF(本地仓库存!D:D,B:B,本地仓库存!H:H) -> 0 | M62: 0 | N62: 0 | O62: 0 | P62: 0 | Q62: 0 | R62: =SUMIF(过去3天!N:N,D:D,过去3天!P:P)/3 -> 0 | S62: =SUMIF(过去7天!N:N,D:D,过去7天!P:P)/7 -> 0 | T62: =SUMIF(过去14天!N:N,D:D,过去14天!P:P)/14 -> 0 | U62: =SUMIF(过去30天!N:N,D:D,过去30天!P:P)/30 -> 0 | V62: =(R62*1.5+S62*1.2+T62*0.8+U62*0.4)/4 -> 0 | W62: 1 | X62: =V62*(Y62+Z62+AA62)*W62 -> 0 | Y62: 7 | Z62: 15 | AA62: 55 | AB62: =IFERROR(ROUNDUP(G62/V62,365),0) -> 0 | AC62: =IFERROR((M62+N62+O62+P62+Q62)/V62,0) -> 0 | AD62: =IF((V62*(Y62+Z62+AA62)*W62)>G62+H62+I62,MAX(V62*Y62*Z62,X62-I62-H62-G62),) -> 0 | AE62: =IF(AB62<7,V62*7,) -> 0 | AF62: =IF(AB62<15,V62*15,) -> 0 | AG62: =IF(AB62<55,V62*55,) -> 0 | AH62: =IF(AB62<35,V62*35,) -> 0 | AI62: =IF(AB62<45,V62*45,) -> 0 | AJ62: =_xlfn.IFS(AB62>=80,"安全",AB62<5,"地狱",AB62<=10,"极度危险",AB62<=30,"十分危险",AB62>=60,"相对安全") -> 地狱 | AK62: =_xlfn.IFS(AB62<5,"红单",AB62>65,"不需要补货",AB62<=15,"空派",AB62>=55,"海派",AB62>=15,"空派") -> 红单

Sheet 过去3天

Sheet 过去7天

Sheet 过去14天

Sheet 过去30天

Sheet Manage FBA Inventory(EU)

Sheet Manage FBA Inventory(UK)

Sheet 备货记录

Sheet 本地仓库存
