Workbook

Sheet 1-关键词库
A1: # | B1: 关键词 | C1: 翻译 | D1: 相关性-自动百分比 | E1: 相关性-自动 | F1: 搜索量 | G1: 排名 | H1: 流量大小 | I1: 相关性-手动 | J1: 修饰词类型 | K1: 搜词转化率
A2: 1 | B2: posture corrector for women | C2: 女性姿势矫正器 | D2: 0.9052 | E2: 高相关 | F2: 70103 | G2: 1708 | H2: 大 | I2: =E2 -> 高相关 | J2: 受众词 | K2: =VLOOKUP(B2,'2-搜索转化率'!A:F,6,FALSE) -> 0.0286
A3: 2 | B3: back brace | C3: 背部支撑 | D3: 0.3243 | E3: 中相关 | F3: 58872 | G3: 2328 | H3: 大 | I3: =E3 -> 中相关 | J3: 产品词 | K3: =VLOOKUP(B3,'2-搜索转化率'!A:F,6,FALSE) -> 0.0232
A4: 3 | B4: posture corrector for men | C4: 男士矫正器 | D4: 0.9088 | E4: 高相关 | F4: 46139 | G4: 3639 | H4: 大 | I4: =E4 -> 高相关 | J4: 受众词 | K4: =VLOOKUP(B4,'2-搜索转化率'!A:F,6,FALSE) -> 0.0311 | M4: CPC、CVR
A5: 4 | B5: back brace for lower back pain women | C5: 女性腰痛用背撑 | D5: 0.1663 | E5: 低相关 | F5: 24030 | G5: 8656 | H5: 大 | I5: =E5 -> 低相关 | J5: 受众词 | K5: =VLOOKUP(B5,'2-搜索转化率'!A:F,6,FALSE) -> 0.023
A6: 5 | B6: posture corrector | C6: 姿势矫正器 | D6: 0.9173 | E6: 高相关 | F6: 18767 | G6: 12022 | H6: 大 | I6: =E6 -> 高相关 | K6: =VLOOKUP(B6,'2-搜索转化率'!A:F,6,FALSE) -> 0.0252
A7: 6 | B7: back brace for men lower back | C7: 男士下背部背带 | D7: 0.2428 | E7: 中相关 | F7: 12808 | G7: 19178 | H7: 大 | I7: =E7 -> 中相关 | K7: =VLOOKUP(B7,'2-搜索转化率'!A:F,6,FALSE) -> 0.0328
A8: 7 | B8: back support | C8: 背部支撑 | D8: 0.5262 | E8: 高相关 | F8: 10368 | G8: 24644 | H8: 中上 | I8: =E8 -> 高相关 | K8: =VLOOKUP(B8,'2-搜索转化率'!A:F,6,FALSE) -> 0.0127
A9: 8 | B9: back brace posture corrector | C9: 背部矫姿器 | D9: 0.9494 | E9: 高相关 | F9: 10085 | G9: 25412 | H9: 中上 | I9: =E9 -> 高相关 | K9: =VLOOKUP(B9,'2-搜索转化率'!A:F,6,FALSE) -> 0.0244
A10: 9 | B10: back | C10: 背部 | D10: 0.2015 | E10: 中相关 | F10: 9737 | G10: 26456 | H10: 中上 | I10: =E10 -> 中相关 | K10: =VLOOKUP(B10,'2-搜索转化率'!A:F,6,FALSE) -> #N/A
A11: 10 | B11: fajas para hombres | C11: Fajas para hombres | D11: 0.3679 | E11: 中相关 | F11: 9378 | G11: 27608 | H11: 中上 | I11: =E11 -> 中相关 | K11: =VLOOKUP(B11,'2-搜索转化率'!A:F,6,FALSE) -> #N/A
A12: 11 | B12: back straightener posture corrector | C12: 背部矫正器姿势矫正器 | D12: 0.971 | E12: 高相关 | F12: 9070 | G12: 28687 | H12: 中上 | I12: =E12 -> 高相关 | K12: =VLOOKUP(B12,'2-搜索转化率'!A:F,6,FALSE) -> 0.0311
A13: 12 | B13: back support brace | C13: 背部支撑器 | D13: 0.3346 | E13: 中相关 | F13: 8419 | G13: 31243 | H13: 中上 | I13: =E13 -> 中相关 | K13: =VLOOKUP(B13,'2-搜索转化率'!A:F,6,FALSE) -> 0.0193
A14: 13 | B14: posture corrector bra | C14: 矫姿胸罩 | D14: 0.3767 | E14: 中相关 | F14: 7939 | G14: 33496 | H14: 中上 | I14: =E14 -> 中相关 | K14: =VLOOKUP(B14,'2-搜索转化率'!A:F,6,FALSE) -> #N/A
A15: 14 | B15: back posture corrector women | C15: 女性背部矫正器 | D15: 0.9746 | E15: 高相关 | F15: 7909 | G15: 33646 | H15: 中上 | I15: =E15 -> 高相关 | K15: =VLOOKUP(B15,'2-搜索转化率'!A:F,6,FALSE) -> 0.0264
A16: 15 | B16: lower back pain relief | C16: 下背部疼痛缓解 | D16: 0.0149 | E16: 低相关 | F16: 7873 | G16: 33813 | H16: 中上 | I16: =E16 -> 低相关 | K16: =VLOOKUP(B16,'2-搜索转化率'!A:F,6,FALSE) -> #N/A
A17: 16 | B17: back pain | C17: 背痛 | D17: 0.0161 | E17: 低相关 | F17: 6227 | G17: 44046 | H17: 中上 | I17: =E17 -> 低相关 | K17: =VLOOKUP(B17,'2-搜索转化率'!A:F,6,FALSE) -> #N/A
... A49: 48 | B49: instant posture corrector | C49: 即时姿势矫正器 | D49: 0.9222 | E49: 高相关 | F49: 2449 | G49: 123361 | H49: 小 | I49: =E49 -> 高相关 | K49: =VLOOKUP(B49,'2-搜索转化率'!A:F,6,FALSE) -> #N/A
A50: 49 | B50: best posture bra | C50: 最佳姿势文胸 | D50: 0.1112 | E50: 低相关 | F50: 2227 | G50: 136503 | H50: 小 | I50: =E50 -> 低相关 | J50: X | K50: =VLOOKUP(B50,'2-搜索转化率'!A:F,6,FALSE) -> #N/A
A51: 50 | B51: posture bras for women | C51: 女性姿势胸罩 | D51: 0.059 | E51: 低相关 | F51: 2207 | G51: 137851 | H51: 小 | I51: =E51 -> 低相关 | K51: =VLOOKUP(B51,'2-搜索转化率'!A:F,6,FALSE) -> #N/A
A52: 51 | B52: corecorex | C52: corecorex | D52: 0.9226 | E52: 高相关 | F52: 2161 | G52: 140965 | H52: 小 | I52: =E52 -> 高相关 | K52: =VLOOKUP(B52,'2-搜索转化率'!A:F,6,FALSE) -> #N/A
A53: 52 | B53: back brace for lower back pain | C53: 腰痛背部支撑 | D53: 0.0887 | E53: 低相关 | F53: 2126 | G53: 143607 | H53: 小 | I53: =E53 -> 低相关 | K53: =VLOOKUP(B53,'2-搜索转化率'!A:F,6,FALSE) -> 0.0227
A54: 53 | B54: copper fit | C54: 铜贴 | D54: 0.1028 | E54: 低相关 | F54: 2035 | G54: 150377 | H54: 小 | I54: =E54 -> 低相关 | K54: =VLOOKUP(B54,'2-搜索转化率'!A:F,6,FALSE) -> #N/A
A55: 54 | B55: vistaro posture corrector | D55: 0.8713 | E55: 高相关 | F55: 2015 | G55: 152021 | H55: 小 | I55: =E55 -> 高相关 | K55: =VLOOKUP(B55,'2-搜索转化率'!A:F,6,FALSE) -> #N/A
A56: 55 | B56: posture brace for women | C56: 女性用姿势支具 | D56: 0.9484 | E56: 高相关 | F56: 1904 | G56: 161622 | H56: 小 | I56: =E56 -> 高相关 | K56: =VLOOKUP(B56,'2-搜索转化率'!A:F,6,FALSE) -> 0.0267
A57: 56 | B57: back support belt for men | C57: 男士背部支撑带 | D57: 0.4529 | E57: 中相关 | F57: 1888 | G57: 162945 | H57: 小 | I57: =E57 -> 中相关 | K57: =VLOOKUP(B57,'2-搜索转化率'!A:F,6,FALSE) -> 0.0258
A58: 57 | B58: shoulder support | C58: 肩膀支撑 | D58: 0.0386 | E58: 低相关 | F58: 1838 | G58: 167651 | H58: 小 | I58: =E58 -> 低相关 | K58: =VLOOKUP(B58,'2-搜索转化率'!A:F,6,FALSE) -> #N/A
A59: 58 | B59: upper back brace | C59: 上背部支撑 | D59: 0.9759 | E59: 高相关 | F59: 1823 | G59: 169102 | H59: 小 | I59: =E59 -> 高相关 | K59: =VLOOKUP(B59,'2-搜索转化率'!A:F,6,FALSE) -> 0.0232
A60: 59 | B60: forme science bra posture correcting | C60: forme science文胸姿势矫正 | D60: 0.3619 | E60: 中相关 | F60: 1813 | G60: 170061 | H60: 小 | I60: =E60 -> 中相关 | K60: =VLOOKUP(B60,'2-搜索转化率'!A:F,6,FALSE) -> #N/A
A61: 60 | B61: neck posture corrector | C61: 颈部姿势矫正器 | D61: 0.4054 | E61: 中相关 | F61: 1767 | G61: 174659 | H61: 小 | I61: =E61 -> 中相关 | K61: =VLOOKUP(B61,'2-搜索转化率'!A:F,6,FALSE) -> #N/A
A62: 61 | B62: spine decompressor | C62: 脊柱减压器 | D62: 0.0373 | E62: 低相关 | F62: 1742 | G62: 177191 | H62: 小 | I62: =E62 -> 低相关 | K62: =VLOOKUP(B62,'2-搜索转化率'!A:F,6,FALSE) -> #N/A
A63: 62 | B63: back belts for back pain | C63: 背痛用背带 | D63: 0.1386 | E63: 低相关 | F63: 1717 | G63: 179885 | H63: 小 | I63: =E63 -> 低相关 | K63: =VLOOKUP(B63,'2-搜索转化率'!A:F,6,FALSE) -> 0.0261
A64: 63 | B64: back posture correction | C64: 背部姿势矫正 | D64: 0.9372 | E64: 高相关 | F64: 1671 | G64: 185053 | H64: 小 | I64: =E64 -> 高相关 | K64: =VLOOKUP(B64,'2-搜索转化率'!A:F,6,FALSE) -> #N/A
A65: 64 | B65: back corrector for women | C65: 妇女用背部矫正器 | D65: 0.9356 | E65: 高相关 | F65: 1651 | G65: 187423 | H65: 小 | I65: =E65 -> 高相关 | K65: =VLOOKUP(B65,'2-搜索转化率'!A:F,6,FALSE) -> 0.0197
A66: 65 | B66: shoulder posture corrector | C66: 肩部姿势矫正器 | D66: 0.9602 | E66: 高相关 | F66: 1626 | G66: 190391 | H66: 小 | I66: =E66 -> 高相关 | K66: =VLOOKUP(B66,'2-搜索转化率'!A:F,6,FALSE) -> 0.0416
A67: 66 | B67: hunchback posture corrector | C67: 驼背矫正器 | D67: 0.8877 | E67: 高相关 | F67: 1580 | G67: 196122 | H67: 小 | I67: =E67 -> 高相关 | K67: =VLOOKUP(B67,'2-搜索转化率'!A:F,6,FALSE) -> #N/A
... A69: 68 | B69: tommie copper back support | C69: 汤米铜背托 | D69: 0.0411 | E69: 低相关 | F69: 1575 | G69: 196769 | H69: 小 | I69: =E69 -> 低相关 | K69: =VLOOKUP(B69,'2-搜索转化率'!A:F,6,FALSE) -> #N/A
A70: 69 | B70: backache relief | D70: 0.1137 | E70: 低相关 | F70: 1409 | G70: 221104 | H70: 小 | I70: =E70 -> 低相关 | K70: =VLOOKUP(B70,'2-搜索转化率'!A:F,6,FALSE) -> #N/A
A71: 70 | B71: faja para la postura de la espalda | D71: 0.9488 | E71: 高相关 | F71: 1388 | G71: 224541 | H71: 小 | I71: =E71 -> 高相关 | K71: =VLOOKUP(B71,'2-搜索转化率'!A:F,6,FALSE) -> #N/A
A72: 71 | B72: posture correcting bra | C72: 矫姿胸罩 | D72: 0.3327 | E72: 中相关 | F72: 1373 | G72: 227083 | H72: 小 | I72: =E72 -> 中相关 | K72: =VLOOKUP(B72,'2-搜索转化率'!A:F,6,FALSE) -> #N/A
A73: 72 | B73: copper compression | C73: 铜压缩 | D73: 0.1466 | E73: 低相关 | F73: 1373 | G73: 227083 | H73: 小 | I73: =E73 -> 低相关 | K73: =VLOOKUP(B73,'2-搜索转化率'!A:F,6,FALSE) -> #N/A
A74: 73 | B74: dowager's hump corrector | C74: 寡妇驼峰矫正器 | D74: 0.5986 | E74: 高相关 | F74: 1358 | G74: 229677 | H74: 小 | I74: =E74 -> 高相关 | K74: =VLOOKUP(B74,'2-搜索转化率'!A:F,6,FALSE) -> #N/A
A75: 74 | B75: corrector de postura | C75: 姿势矫正器 | D75: 0.9277 | E75: 高相关 | F75: 1353 | G75: 230552 | H75: 小 | I75: =E75 -> 高相关 | K75: =VLOOKUP(B75,'2-搜索转化率'!A:F,6,FALSE) -> 0.008
A76: 75 | B76: back support bras for women posture | C76: 一种用于女性姿势背部支撑文胸 | D76: 0.129 | E76: 低相关 | F76: 1353 | G76: 230552 | H76: 小 | I76: =E76 -> 低相关 | K76: =VLOOKUP(B76,'2-搜索转化率'!A:F,6,FALSE) -> #N/A
A77: 76 | B77: camelbak correction belt for men | D77: 0.6804 | E77: 高相关 | F77: 1333 | G77: 234224 | H77: 小 | I77: =E77 -> 高相关 | K77: =VLOOKUP(B77,'2-搜索转化率'!A:F,6,FALSE) -> #N/A
A78: 77 | B78: upright go 2 | C78: 直立行走2 | D78: 0.0532 | E78: 低相关 | F78: 1303 | G78: 239892 | H78: 小 | I78: =E78 -> 低相关 | K78: =VLOOKUP(B78,'2-搜索转化率'!A:F,6,FALSE) -> #N/A
A79: 78 | B79: instant posture corrector for men | C79: 男性即时姿势矫正器 | D79: 0.8112 | E79: 高相关 | F79: 1287 | G79: 242925 | H79: 小 | I79: =E79 -> 高相关 | K79: =VLOOKUP(B79,'2-搜索转化率'!A:F,6,FALSE) -> #N/A
A80: 79 | B80: hydrolabs posture fix | D80: 0.7572 | E80: 高相关 | F80: 1287 | G80: 242925 | H80: 小 | I80: =E80 -> 高相关 | K80: =VLOOKUP(B80,'2-搜索转化率'!A:F,6,FALSE) -> #N/A
A81: 80 | B81: posture board | C81: 姿势板 | D81: 0.0125 | E81: 低相关 | F81: 1272 | G81: 245830 | H81: 小 | I81: =E81 -> 低相关 | K81: =VLOOKUP(B81,'2-搜索转化率'!A:F,6,FALSE) -> #N/A
A82: 81 | B82: upper back pain relief | C82: 缓解上背部疼痛 | D82: 0.2348 | E82: 中相关 | F82: 1262 | G82: 247829 | H82: 小 | I82: =E82 -> 中相关 | K82: =VLOOKUP(B82,'2-搜索转化率'!A:F,6,FALSE) -> #N/A
A83: 82 | B83: lumbowrap plus-size back support for women | C83: lumbowrap加大码女性背部支撑 | D83: 0.0193 | E83: 低相关 | F83: 1262 | G83: 247829 | H83: 小 | I83: =E83 -> 低相关 | K83: =VLOOKUP(B83,'2-搜索转化率'!A:F,6,FALSE) -> #N/A
A84: 83 | B84: faja para joroba de espalda para mujer | D84: 0.8191 | E84: 高相关 | F84: 1252 | G84: 249879 | H84: 小 | I84: =E84 -> 高相关 | K84: =VLOOKUP(B84,'2-搜索转化率'!A:F,6,FALSE) -> #N/A
A85: 84 | B85: posture corrector bra for women | C85: 女性矫姿胸罩 | D85: 0.3565 | E85: 中相关 | F85: 1252 | G85: 249879 | H85: 小 | I85: =E85 -> 中相关 | K85: =VLOOKUP(B85,'2-搜索转化率'!A:F,6,FALSE) -> #N/A
A86: 85 | B86: posture pump | C86: 姿势泵 | D86: 0.0324 | E86: 低相关 | F86: 1252 | G86: 249879 | H86: 小 | I86: =E86 -> 低相关 | K86: =VLOOKUP(B86,'2-搜索转化率'!A:F,6,FALSE) -> #N/A
A87: 86 | B87: sholder. brace for men | C87: 肖尔德。为男人做准备 | D87: 0.0143 | E87: 低相关 | F87: 1232 | G87: 254103 | H87: 小 | I87: =E87 -> 低相关 | K87: =VLOOKUP(B87,'2-搜索转化率'!A:F,6,FALSE) -> #N/A
A88: 87 | B88: back brace for lifting at work | C88: 工作时起重用背撑 | D88: 0.4601 | E88: 中相关 | F88: 1212 | G88: 258518 | H88: 小 | I88: =E88 -> 中相关 | K88: =VLOOKUP(B88,'2-搜索转化率'!A:F,6,FALSE) -> 0.0209
A89: 88 | B89: sparthos back brace for lower back pain | C89: sparthos背撑治疗下背痛 | D89: 0.0622 | E89: 低相关 | F89: 1202 | G89: 260738 | H89: 小 | I89: =E89 -> 低相关 | K89: =VLOOKUP(B89,'2-搜索转化率'!A:F,6,FALSE) -> #N/A
A90: 89 | B90: brace for lower back pain | C90: 腰痛支具 | D90: 0.0998 | E90: 低相关 | F90: 1181 | G90: 265309 | H90: 小 | I90: =E90 -> 低相关 | K90: =VLOOKUP(B90,'2-搜索转化率'!A:F,6,FALSE) -> #N/A
A91: 90 | B91: looksmaxxing products | C91: looksmaxxing产品 | D91: 0.0138 | E91: 低相关 | F91: 1176 | G91: 266512 | H91: 小 | I91: =E91 -> 低相关 | K91: =VLOOKUP(B91,'2-搜索转化率'!A:F,6,FALSE) -> #N/A
A92: 91 | B92: hsa approved products | C92: HSA批准的产品 | D92: 0.0482 | E92: 低相关 | F92: 1156 | G92: 271378 | H92: 小 | I92: =E92 -> 低相关 | K92: =VLOOKUP(B92,'2-搜索转化率'!A:F,6,FALSE) -> #N/A
A93: 92 | B93: lower back brace for women | C93: 女性下背部支架 | D93: 0.0689 | E93: 低相关 | F93: 1151 | G93: 272601 | H93: 小 | I93: =E93 -> 低相关 | K93: =VLOOKUP(B93,'2-搜索转化率'!A:F,6,FALSE) -> #N/A
A94: 93 | B94: neck hump corrector for women | C94: 女性颈部驼峰矫正器 | D94: 0.6311 | E94: 高相关 | F94: 1141 | G94: 275169 | H94: 小 | I94: =E94 -> 高相关 | K94: =VLOOKUP(B94,'2-搜索转化率'!A:F,6,FALSE) -> #N/A
A95: 94 | B95: womens back brace | C95: 女式背带 | D95: 0.3138 | E95: 中相关 | F95: 1141 | G95: 275169 | H95: 小 | I95: =E95 -> 中相关 | K95: =VLOOKUP(B95,'2-搜索转化率'!A:F,6,FALSE) -> #N/A
A96: 95 | B96: camelback correction belt | C96: 骆驼背矫正带 | D96: 0.8679 | E96: 高相关 | F96: 1126 | G96: 278978 | H96: 小 | I96: =E96 -> 高相关 | K96: =VLOOKUP(B96,'2-搜索转化率'!A:F,6,FALSE) -> #N/A
... A112: 111 | B112: fajas para la espalda | C112: 法哈斯帕拉拉埃斯帕尔达 | D112: 0.7439 | E112: 高相关 | F112: 944 | G112: 334310 | H112: 小 | I112: =E112 -> 高相关 | K112: =VLOOKUP(B112,'2-搜索转化率'!A:F,6,FALSE) -> #N/A
A113: 112 | B113: camelbak correction belt for women | D113: 0.3094 | E113: 中相关 | F113: 944 | G113: 334310 | H113: 小 | I113: =E113 -> 中相关 | K113: =VLOOKUP(B113,'2-搜索转化率'!A:F,6,FALSE) -> #N/A
A114: 113 | B114: neck brace for posture | C114: 姿势用颈托 | D114: 0.2756 | E114: 中相关 | F114: 939 | G114: 336122 | H114: 小 | I114: =E114 -> 中相关 | K114: =VLOOKUP(B114,'2-搜索转化率'!A:F,6,FALSE) -> #N/A
A115: 114 | B115: upper back support | C115: 上背部支撑 | D115: 0.9505 | E115: 高相关 | F115: 934 | G115: 338058 | H115: 小 | I115: =E115 -> 高相关 | K115: =VLOOKUP(B115,'2-搜索转化率'!A:F,6,FALSE) -> #N/A
A116: 115 | B116: lower back pain | C116: 下背部疼痛 | D116: 0.063 | E116: 低相关 | F116: 934 | G116: 338058 | H116: 小 | I116: =E116 -> 低相关 | K116: =VLOOKUP(B116,'2-搜索转化率'!A:F,6,FALSE) -> #N/A
A117: 116 | B117: fit geno back brace and posture corrector for women | C117: 适合女性的geno背撑和姿势矫正器 | D117: 0.7437 | E117: 高相关 | F117: 919 | G117: 343754 | H117: 小 | I117: =E117 -> 高相关 | K117: =VLOOKUP(B117,'2-搜索转化率'!A:F,6,FALSE) -> #N/A
A118: 117 | B118: gardner belt | C118: 加德纳带 | D118: 0.1991 | E118: 低相关 | F118: 914 | G118: 345733 | H118: 小 | I118: =E118 -> 低相关 | K118: =VLOOKUP(B118,'2-搜索转化率'!A:F,6,FALSE) -> #N/A
A119: 118 | B119: faja para hombre de trabajo | C119: Faja para hombre de trabajo | D119: 0.5999 | E119: 高相关 | F119: 898 | G119: 351708 | H119: 小 | I119: =E119 -> 高相关 | K119: =VLOOKUP(B119,'2-搜索转化率'!A:F,6,FALSE) -> #N/A
A120: 119 | B120: back belt | C120: 背带 | D120: 0.2911 | E120: 中相关 | F120: 898 | G120: 351708 | H120: 小 | I120: =E120 -> 中相关 | K120: =VLOOKUP(B120,'2-搜索转化率'!A:F,6,FALSE) -> #N/A
A121: 120 | B121: back brace for work | C121: 工作用背撑 | D121: 0.4481 | E121: 中相关 | F121: 893 | G121: 353692 | H121: 小 | I121: =E121 -> 中相关 | K121: =VLOOKUP(B121,'2-搜索转化率'!A:F,6,FALSE) -> #N/A
A122: 121 | B122: exoskeleton | C122: 外骨骼 | D122: 0.0188 | E122: 低相关 | F122: 878 | G122: 359924 | H122: 小 | I122: =E122 -> 低相关 | K122: =VLOOKUP(B122,'2-搜索转化率'!A:F,6,FALSE) -> #N/A
A123: 122 | B123: mens posture corrector | C123: 男士姿势矫正器 | D123: 0.9294 | E123: 高相关 | F123: 863 | G123: 366371 | H123: 小 | I123: =E123 -> 高相关 | K123: =VLOOKUP(B123,'2-搜索转化率'!A:F,6,FALSE) -> #N/A
A124: 123 | B124: bienestar plus cinturón para hombre | D124: 0.015 | E124: 低相关 | F124: 858 | G124: 368613 | H124: 小 | I124: =E124 -> 低相关 | K124: =VLOOKUP(B124,'2-搜索转化率'!A:F,6,FALSE) -> #N/A
A125: 124 | B125: air back | C125: 气背 | D125: 0.1161 | E125: 低相关 | F125: 848 | G125: 373154 | H125: 小 | I125: =E125 -> 低相关 | K125: =VLOOKUP(B125,'2-搜索转化率'!A:F,6,FALSE) -> #N/A
A126: 125 | B126: top rated posture corrector | C126: 顶级姿势矫正器 | D126: 0.9514 | E126: 高相关 | F126: 843 | G126: 375487 | H126: 小 | I126: =E126 -> 高相关 | K126: =VLOOKUP(B126,'2-搜索转化率'!A:F,6,FALSE) -> #N/A
A127: 126 | B127: core corex instant posture corrector | C127: core corex即时姿势矫正器 | D127: 0.8687 | E127: 高相关 | F127: 833 | G127: 380137 | H127: 小 | I127: =E127 -> 高相关 | K127: =VLOOKUP(B127,'2-搜索转化率'!A:F,6,FALSE) -> #N/A
A128: 127 | B128: back pain belt | C128: 背痛腰带 | D128: 0.0682 | E128: 低相关 | F128: 833 | G128: 380137 | H128: 小 | I128: =E128 -> 低相关 | K128: =VLOOKUP(B128,'2-搜索转化率'!A:F,6,FALSE) -> #N/A
A129: 128 | B129: lumbar back brace | C129: 腰背支具 | D129: 0.0548 | E129: 低相关 | F129: 823 | G129: 384775 | H129: 小 | I129: =E129 -> 低相关 | K129: =VLOOKUP(B129,'2-搜索转化率'!A:F,6,FALSE) -> #N/A
A130: 129 | B130: mens back brace | C130: 男士背带 | D130: 0.3831 | E130: 中相关 | F130: 818 | G130: 387098 | H130: 小 | I130: =E130 -> 中相关 | K130: =VLOOKUP(B130,'2-搜索转化率'!A:F,6,FALSE) -> #N/A
A131: 130 | B131: instant posture corrector women | C131: 女性即时姿势矫正器 | D131: 0.7501 | E131: 高相关 | F131: 813 | G131: 389573 | H131: 小 | I131: =E131 -> 高相关 | K131: =VLOOKUP(B131,'2-搜索转化率'!A:F,6,FALSE) -> #N/A
A132: 131 | B132: copperfit back brace for lower back pain men | C132: copperfit背部支具，用于男性下背部疼痛 | D132: 0.4705 | E132: 中相关 | F132: 813 | G132: 389573 | H132: 小 | I132: =E132 -> 中相关 | K132: =VLOOKUP(B132,'2-搜索转化率'!A:F,6,FALSE) -> #N/A
A133: 132 | B133: posture brace for men | C133: 一种男士用姿势支具 | D133: 0.9522 | E133: 高相关 | F133: 808 | G133: 392121 | H133: 小 | I133: =E133 -> 高相关 | K133: =VLOOKUP(B133,'2-搜索转化率'!A:F,6,FALSE) -> #N/A
A134: 133 | B134: dolor | C134: 痛苦 | D134: 0.0177 | E134: 低相关 | F134: 803 | G134: 394535 | H134: 小 | I134: =E134 -> 低相关 | K134: =VLOOKUP(B134,'2-搜索转化率'!A:F,6,FALSE) -> #N/A
A135: 134 | B135: plus size back brace | C135: 加大号背带 | D135: 0.1184 | E135: 低相关 | F135: 792 | G135: 399663 | H135: 小 | I135: =E135 -> 低相关 | K135: =VLOOKUP(B135,'2-搜索转化率'!A:F,6,FALSE) -> #N/A
A136: 135 | B136: best chair for posture | C136: 最佳姿势椅 | D136: 0.0669 | E136: 低相关 | F136: 792 | G136: 399663 | H136: 小 | I136: =E136 -> 低相关 | K136: =VLOOKUP(B136,'2-搜索转化率'!A:F,6,FALSE) -> #N/A
... A139: 138 | B139: braces for lower back pain | C139: 下背痛用支架 | D139: 0.1307 | E139: 低相关 | F139: 782 | G139: 404780 | H139: 小 | I139: =E139 -> 低相关 | K139: =VLOOKUP(B139,'2-搜索转化率'!A:F,6,FALSE) -> #N/A
A140: 139 | B140: back brace for lower | D140: 0.0432 | E140: 低相关 | F140: 782 | G140: 404780 | H140: 小 | I140: =E140 -> 低相关 | K140: =VLOOKUP(B140,'2-搜索转化率'!A:F,6,FALSE) -> #N/A
A141: 140 | B141: faja para la espalda mujer | C141: Faja para la Espalda妇女 | D141: 0.6662 | E141: 高相关 | F141: 777 | G141: 407417 | H141: 小 | I141: =E141 -> 高相关 | K141: =VLOOKUP(B141,'2-搜索转化率'!A:F,6,FALSE) -> #N/A
A142: 141 | B142: neck corrector | C142: 颈部矫正器 | D142: 0.1667 | E142: 低相关 | F142: 772 | G142: 410134 | H142: 小 | I142: =E142 -> 低相关 | K142: =VLOOKUP(B142,'2-搜索转化率'!A:F,6,FALSE) -> #N/A
A143: 142 | B143: brace | C143: 支架 | D143: 0.1448 | E143: 低相关 | F143: 772 | G143: 410134 | H143: 小 | I143: =E143 -> 低相关 | K143: =VLOOKUP(B143,'2-搜索转化率'!A:F,6,FALSE) -> #N/A
A144: 143 | B144: lumbar brace | C144: 腰部支具 | D144: 0.0258 | E144: 低相关 | F144: 772 | G144: 410134 | H144: 小 | I144: =E144 -> 低相关 | K144: =VLOOKUP(B144,'2-搜索转化率'!A:F,6,FALSE) -> #N/A
A145: 144 | B145: posture corrector for women plus size | C145: 女性大码姿势矫正器 | D145: 0.7543 | E145: 高相关 | F145: 767 | G145: 412803 | H145: 小 | I145: =E145 -> 高相关 | K145: =VLOOKUP(B145,'2-搜索转化率'!A:F,6,FALSE) -> #N/A
A146: 145 | B146: posture corrector for women bras | C146: 女性胸罩姿势矫正器 | D146: 0.3082 | E146: 中相关 | F146: 767 | G146: 412803 | H146: 小 | I146: =E146 -> 中相关 | K146: =VLOOKUP(B146,'2-搜索转化率'!A:F,6,FALSE) -> #N/A
A147: 146 | B147: men back brace | C147: 男士背部支撑 | D147: 0.4553 | E147: 中相关 | F147: 762 | G147: 415583 | H147: 小 | I147: =E147 -> 中相关 | K147: =VLOOKUP(B147,'2-搜索转化率'!A:F,6,FALSE) -> #N/A
A148: 147 | B148: shoulder brace for posture | C148: 姿势用肩部支架 | D148: 0.975 | E148: 高相关 | F148: 757 | G148: 418386 | H148: 小 | I148: =E148 -> 高相关 | K148: =VLOOKUP(B148,'2-搜索转化率'!A:F,6,FALSE) -> #N/A
A149: 148 | B149: advanced posture corrector | C149: 高级姿势矫正器 | D149: 0.8102 | E149: 高相关 | F149: 757 | G149: 418386 | H149: 小 | I149: =E149 -> 高相关 | K149: =VLOOKUP(B149,'2-搜索转化率'!A:F,6,FALSE) -> #N/A
...

Sheet 2-搜索转化率
A1: 搜索词 | B1: 搜索量（过去 360 天） | C1: 搜索量增长（过去 90 天） | D1: 搜索量增长（过去 180 天） | E1: 点击份额（过去 360 天） | F1: 搜索转化率（过去 360 天） | G1: 点击率最高的商品1（标题） | H1: 点击率最高的商品1 (ASIN) | I1: 点击率最高的商品2（标题） | J1: 点击率最高的商品2 (ASIN) | K1: 点击率最高的商品3（标题） | L1: 点击率最高的商品3 (ASIN)
A2: posture corrector for women | B2: 2391602 | C2: 0.0642 | D2: 0.4611 | E2: 0.4105 | F2: 0.0286 | G2: Fit Geno Back Brace Posture Corrector for Women and Men Shoulder Straightener Adjustable Full Back Support Upper and Lower Back Pain Relief - Scoliosis Hunchback Hump Thoracic Spine Corrector | H2: B09ZQ2QSXS | I2: ComfyBrace Posture Corrector-Back Brace for Men and Women- Fully Adjustable Straightener for Mid Upper Spine Support- Neck Shoulder Clavicle and Back Pain Relief-Breathable | J2: B07ZQPKTVV | K2: JMPOSE Posture Corrector for Women and Men Breathable Back Brace Adjustable Posture Corrector for Back Shoulder and Spine Pain Relief (Small/Medium) | L2: B0BYMMVKZF
A3: posture corrector for men | B3: 1255472 | C3: 0.2709 | D3: 0.3723 | E3: 0.2075 | F3: 0.0311 | G3: Fit Geno Back Brace Posture Corrector for Women and Men Shoulder Straightener Adjustable Full Back Support Upper and Lower Back Pain Relief - Scoliosis Hunchback Hump Thoracic Spine Corrector | H3: B09ZQ2QSXS | I3: Posture Corrector for Men and Women Adjustable Upper Back Brace Muscle Memory Support Straightener Providing Pain Relief from Neck Shoulder and Upper and Lower Back Large-X Large(37-47) | J3: B0B63LDVDD | K3: ComfyBrace Posture Corrector-Back Brace for Men and Women- Fully Adjustable Straightener for Mid Upper Spine Support- Neck Shoulder Clavicle and Back Pain Relief-Breathable | L3: B07ZQPKTVV
A4: posture corrector | B4: 902511 | C4: -0.0682 | D4: -0.2713 | E4: 0.0876 | F4: 0.0252 | G4: Posture Corrector for Women and Men Adjustable Upper Back Brace Breathable Back Support straightener Providing Pain Relief from Lumbar Neck Shoulder and Clavicle Back (Black) | H4: B0BWRHYZWJ | I4: Fit Geno Posture Corrector for Women and Men - Adjustable Back Brace & Straightener for Scoliosis Hunchback Correction Back Pain Spine Corrector Back Support and Posture Trainer | J4: B09ZQ192L3 | K4: ComfyBrace Posture Corrector-Back Brace for Men and Women- Fully Adjustable Straightener for Mid Upper Spine Support- Neck Shoulder Clavicle and Back Pain Relief-Breathable | L4: B07ZQPKTVV
A5: back brace posture corrector | B5: 238605 | C5: -0.0476 | D5: 3.4084 | E5: 0.0468 | F5: 0.0244 | G5: Fit Geno Back Brace Posture Corrector for Women and Men Shoulder Straightener Adjustable Full Back Support Upper and Lower Back Pain Relief - Scoliosis Hunchback Hump Thoracic Spine Corrector | H5: B09ZQ2QSXS | I5: Fit Geno Posture Corrector for Women and Men - Adjustable Back Brace & Straightener for Scoliosis Hunchback Correction Back Pain Spine Corrector Back Support and Posture Trainer | J5: B09ZQ192L3 | K5: ComfyBrace Posture Corrector-Back Brace for Men and Women- Fully Adjustable Straightener for Mid Upper Spine Support- Neck Shoulder Clavicle and Back Pain Relief-Breathable | L5: B07ZQPKTVV
A6: back posture corrector women | B6: 217560 | C6: 0.1891 | D6: 0.5644 | E6: 0.0408 | F6: 0.0264 | G6: Fit Geno Back Brace Posture Corrector for Women and Men Shoulder Straightener Adjustable Full Back Support Upper and Lower Back Pain Relief - Scoliosis Hunchback Hump Thoracic Spine Corrector | H6: B09ZQ2QSXS | I6: ComfyBrace Posture Corrector-Back Brace for Men and Women- Fully Adjustable Straightener for Mid Upper Spine Support- Neck Shoulder Clavicle and Back Pain Relief-Breathable | J6: B07ZQPKTVV | K6: JMPOSE Posture Corrector for Women and Men Breathable Back Brace Adjustable Posture Corrector for Back Shoulder and Spine Pain Relief (Small/Medium) | L6: B0BYMMVKZF
A7: back straightener posture corrector | B7: 210975 | C7: 0.132 | D7: 0.5342 | E7: 0.0355 | F7: 0.0311 | G7: Fit Geno Back Brace Posture Corrector for Women and Men Shoulder Straightener Adjustable Full Back Support Upper and Lower Back Pain Relief - Scoliosis Hunchback Hump Thoracic Spine Corrector | H7: B09ZQ2QSXS | I7: Posture Corrector for Women and Men Adjustable Upper Back Brace Breathable Back Support straightener Providing Pain Relief from Lumbar Neck Shoulder and Clavicle Back (Black) | J7: B0BWRHYZWJ | K7: ComfyBrace Posture Corrector-Back Brace for Men and Women- Fully Adjustable Straightener for Mid Upper Spine Support- Neck Shoulder Clavicle and Back Pain Relief-Breathable | L7: B07ZQPKTVV
A8: back posture corrector for men | B8: 111113 | C8: 0.399 | D8: 3.8317 | E8: 0.0266 | F8: 0.0348 | G8: Fit Geno Back Brace Posture Corrector for Women and Men Shoulder Straightener Adjustable Full Back Support Upper and Lower Back Pain Relief - Scoliosis Hunchback Hump Thoracic Spine Corrector | H8: B09ZQ2QSXS | I8: Posture Corrector for Men and Women Adjustable Upper Back Brace Muscle Memory Support Straightener Providing Pain Relief from Neck Shoulder and Upper and Lower Back Large-X Large(37-47) | J8: B0B63LDVDD | K8: ComfyBrace Posture Corrector-Back Brace for Men and Women- Fully Adjustable Straightener for Mid Upper Spine Support- Neck Shoulder Clavicle and Back Pain Relief-Breathable | L8: B07ZQPKTVV
A9: corrector de postura para mujer | B9: 158778 | C9: 0.031 | D9: 0.3299 | E9: 0.0224 | F9: 0.0079 | G9: Fit Geno Back Brace Posture Corrector for Women and Men Shoulder Straightener Adjustable Full Back Support Upper and Lower Back Pain Relief - Scoliosis Hunchback Hump Thoracic Spine Corrector | H9: B09ZQ2QSXS | I9: ComfyBrace Posture Corrector-Back Brace for Men and Women- Fully Adjustable Straightener for Mid Upper Spine Support- Neck Shoulder Clavicle and Back Pain Relief-Breathable | J9: B07ZQPKTVV | K9: Fit Geno Back Brace Posture Corrector for Women: Shoulder Straightener Adjustable Full Back Support Upper and Lower Back Pain Relief - Scoliosis Hunchback Hump Thoracic Spine Corrector Pink Medium | L9: B0BHF1DT5N
A10: corrector de postura para hombre | B10: 139582 | C10: 0.1094 | D10: 0.4308 | E10: 0.0188 | F10: 0.0084 | G10: Fit Geno Back Brace Posture Corrector for Women and Men Shoulder Straightener Adjustable Full Back Support Upper and Lower Back Pain Relief - Scoliosis Hunchback Hump Thoracic Spine Corrector | H10: B09ZQ2QSXS | I10: Posture Corrector for Men and Women Adjustable Upper Back Brace Muscle Memory Support Straightener Providing Pain Relief from Neck Shoulder and Upper and Lower Back Large-X Large(37-47) | J10: B0B63LDVDD | K10: Posture Corrector for Women Back Brace for Men Adjustable Posture Corrector Shoulder Brace Back Posture Corrector Women Back Pain Relief Posture Brace Back Straightener Upper Back Support | L10: B0CN77K249
A11: posture | B11: 164435 | C11: -0.0508 | D11: -0.2724 | E11: 0.0116 | F11: 0.0226 | G11: Fit Geno Back Brace Posture Corrector for Women and Men Shoulder Straightener Adjustable Full Back Support Upper and Lower Back Pain Relief - Scoliosis Hunchback Hump Thoracic Spine Corrector | H11: B09ZQ2QSXS | I11: Posture Corrector for Women and Men Adjustable Upper Back Brace Breathable Back Support straightener Providing Pain Relief from Lumbar Neck Shoulder and Clavicle Back (Black) | J11: B0BWRHYZWJ | K11: ComfyBrace Posture Corrector-Back Brace for Men and Women- Fully Adjustable Straightener for Mid Upper Spine Support- Neck Shoulder Clavicle and Back Pain Relief-Breathable | L11: B07ZQPKTVV
A12: back brace for posture | B12: 83299 | C12: 0.6172 | D12: 0.5444 | E12: 0.0162 | F12: 0.0232 | G12: Fit Geno Back Brace Posture Corrector for Women and Men Shoulder Straightener Adjustable Full Back Support Upper and Lower Back Pain Relief - Scoliosis Hunchback Hump Thoracic Spine Corrector | H12: B09ZQ2QSXS | I12: Fit Geno Posture Corrector for Women and Men - Adjustable Back Brace & Straightener for Scoliosis Hunchback Correction Back Pain Spine Corrector Back Support and Posture Trainer | J12: B09ZQ192L3 | K12: ComfyBrace Posture Corrector-Back Brace for Men and Women- Fully Adjustable Straightener for Mid Upper Spine Support- Neck Shoulder Clavicle and Back Pain Relief-Breathable | L12: B07ZQPKTVV
A13: posture brace | B13: 139370 | C13: -0.1429 | D13: -0.2513 | E13: 0.0156 | F13: 0.0287 | G13: Fit Geno Back Brace Posture Corrector for Women and Men Shoulder Straightener Adjustable Full Back Support Upper and Lower Back Pain Relief - Scoliosis Hunchback Hump Thoracic Spine Corrector | H13: B09ZQ2QSXS | I13: ComfyBrace Posture Corrector-Back Brace for Men and Women- Fully Adjustable Straightener for Mid Upper Spine Support- Neck Shoulder Clavicle and Back Pain Relief-Breathable | J13: B07ZQPKTVV | K13: NLNYCT Posture Corrector For Women Adjustable Back Brace For Posture Back Posture Corrector Providing Pain Relief From Lumbar Neck Shoulder And Clavicle Back (S/M Upper Waist 25-36 Inch) | L13: B0C6GK7B9X
... A41: back brace for lifting at work | B41: 56514 | C41: -0.4997 | D41: 1.1335 | E41: 0.0062 | F41: 0.0209 | G41: Ergodyne - 11103 ProFlex 1600 Back Support Brace 9 Extended Support High Cut Front For Mobility Medium Black | H41: B000H89YHU | I41: Sparthos Back Brace for Lower Back Pain - Immediate Relief from Sciatica Herniated Disc Scoliosis - Breathable Design With Lumbar Support Pad - For Home & Lifting At Work - For Men & Women - (Large) | J41: B071G33DC1 | K41: FEATOL Back Brace Support Belt-Lumbar Support Back Brace for Back Pain Sciatica Scoliosis Herniated Disc Adjustable Support Straps-Lower Back Brace with Removable Lumbar Pad for Men & Women | L41: B07WZZFL9T

Sheet 3-词频表
A1: 单词频统计 | H1: 双词频统计
A2: # | B2: 单词 | C2: 单词翻译 | D2: 词根分类 | E2: 出现次数词频 | F2: 搜索量加权词频(亚马逊官方方法) | H2: # | I2: 单词 | J2: 单词翻译 | K2: 词根分类 | L2: 出现次数词频 | M2: 搜索量加权词频(亚马逊官方方法)
A3: 1 | B3: posture | C3: 姿势 | D3: 产品词 | E3: 58 | F3: 1349.71 | H3: 1 | I3: posture corrector | J3: 姿势矫正器 | L3: 33 | M3: 1196.35
A4: 2 | B4: corrector | C4: 修正器 | D4: 产品词 | E4: 45 | F4: 1271.83 | H4: 2 | I4: back brace | J4: 背部支撑 | L4: 33 | M4: 795.06
A5: 3 | B5: back | C5: 背部 | D5: 产品词 | E5: 75 | F5: 1227.98 | H5: 3 | I5: lower back | J5: 下背部 | L5: 17 | M5: 283.77
A6: 4 | B6: brace | C6: 支架 | D6: 产品词 | E6: 48 | F6: 899.42 | H6: 4 | I6: back pain | J6: 背痛 | L6: 17 | M6: 234.69
A7: 5 | B7: women | C7: 女性 | D7: 受众群体 | E7: 24 | F7: 834.67 | H7: 5 | I7: back support | J7: 背部支撑 | L7: 11 | M7: 139.04
A8: 6 | B8: men | C8: 男人 | D8: 受众群体 | E8: 15 | F8: 404.42 | H8: 6 | I8: pain women | J8: 痛苦的女人 | L8: 1 | M8: 115.53
A9: 7 | B9: lower | C9: 降低 | D9: 功能词 | E9: 18 | F9: 286.24 | H9: 7 | I9: back posture | J9: 背部姿势 | L9: 8 | M9: 70.24
A10: 8 | B10: pain | C10: 疼痛 | D10: 属性词 | E10: 18 | F10: 236.81 | H10: 8 | I10: fajas para | J10: 法哈斯段落 | L10: 5 | M10: 67.55
A11: 9 | B11: support | C11: 支持 | D11: 产品词 | E11: 16 | F11: 164.62 | H11: 9 | I11: para hombres | J11: 帕拉霍姆布雷斯 | L11: 2 | M11: 53.62
A12: 10 | B12: para | C12: para | E12: 17 | F12: 155.1 | H12: 10 | I12: men lower | J12: 男子下半身 | L12: 1 | M12: 52.14
A13: 12 | B13: de | C13: de | E13: 11 | F13: 80.87 | H13: 11 | I13: faja para | J13: 法贾山 | L13: 7 | M13: 48.73
A14: 13 | B14: belt | C14: 腰带 | E14: 13 | F14: 75.38 | H14: 12 | I14: posture bra | J14: 矫正胸罩 | L14: 3 | M14: 44.38
A15: 14 | B15: fajas | C15: 腰带 | E15: 5 | F15: 67.55 | H15: 13 | I15: back straightener | J15: 背部矫正器 | L15: 2 | M15: 43.09
A16: 15 | B16: hombres | C16: 伙计们 | E16: 2 | F16: 53.62 | H16: 14 | I16: la espalda | J16: 拉埃斯帕尔达 | L16: 6 | M16: 42.2
A17: 16 | B17: copper | C17: 铜 | E17: 9 | F17: 53.26 | H17: 15 | I17: para hombre | J17: Para Hombre | L17: 7 | M17: 39.87
A18: 17 | B18: faja | C18: 腰带 | E18: 8 | F18: 50.91 | H18: 16 | I18: support belt | J18: 支撑带 | L18: 4 | M18: 39.65
A19: 18 | B19: espalda | C19: 背部 | E19: 7 | F19: 46.2 | H19: 17 | I19: brace posture | J19: 支撑姿势 | L19: 1 | M19: 39.35
A20: 19 | B20: postura | C20: 姿势 | E20: 5 | F20: 43.68 | H20: 18 | I20: para la | J20: 帕拉拉 | L20: 5 | M20: 39.11
A21: 20 | B21: straightener | C21: 矫直机 | E21: 2 | F21: 43.09 | H21: 19 | I21: corrector de | J21: 校正器 | L21: 3 | M21: 36.14
A22: 21 | B22: la | C22: 洛杉矶 | E22: 6 | F22: 42.2 | H22: 20 | I22: de postura | J22: 姿势 | L22: 3 | M22: 36.14
A23: 22 | B23: neck | C23: 颈部 | E23: 8 | F23: 41.35 | H23: 21 | I23: pain relief | J23: 缓解疼痛 | L23: 3 | M23: 35.72
... A28: 27 | B28: instant | C28: 即时 | E28: 6 | F28: 28.36 | H28: 26 | I28: postura para | J28: para姿势 | L28: 2 | M28: 31.8
A29: 28 | B29: tommie | C29: 汤米 | E29: 3 | F29: 24.93 | H29: 27 | I29: instant posture | L29: 6 | M29: 28.36
A30: 29 | B30: trabajo | C30: 特拉巴霍 | E30: 4 | F30: 24.55 | H30: 28 | I30: tommie copper | J30: 汤米·科珀 | L30: 3 | M30: 24.93
A31: 30 | B31: hero | C31: 英雄 | E31: 2 | F31: 23.39 | H31: 29 | I31: de trabajo | J31: 德特拉瓦霍 | L31: 4 | M31: 24.55
A32: 31 | B32: hump | C32: 驼峰 | E32: 4 | F32: 22.44 | H32: 30 | I32: back hero | J32: 背部英雄 | L32: 2 | M32: 23.39
A33: 32 | B33: fit | C33: 适合 | E33: 4 | F33: 21.57 | H33: 31 | I33: hump corrector | J33: 驼峰校正器 | L33: 4 | M33: 22.44
A34: 33 | B34: correction | C34: 改正 | E34: 5 | F34: 21.35 | H34: 32 | I34: posture brace | J34: 姿势支架 | L34: 4 | M34: 22.36
A35: 34 | B35: braces | C35: 牙套 | E35: 5 | F35: 20.96 | H35: 33 | I35: para mujer | J35: 准妇女 | L35: 2 | M35: 19.42
A36: 35 | B36: upper | C36: 上部 | E36: 5 | F36: 18.31 | H36: 34 | I36: copper fit | J36: 铜贴 | L36: 3 | M36: 18.66
A37: 36 | B37: pesado | C37: 佩萨多 | E37: 1 | F37: 17.4 | H37: 35 | I37: copper posture | L37: 1 | M37: 17.57
A38: 37 | B38: corecorex | C38: corecorex | E38: 2 | F38: 15.67 | H38: 36 | I38: hombres de | J38: hombres de | L38: 1 | M38: 17.4
A39: 38 | B39: & | C39: 和符号 | E39: 1 | F39: 14.52 | H39: 37 | I39: trabajo pesado | J39: 佩萨多工人 | L39: 1 | M39: 17.4
A40: 39 | B40: supports | C40: 支持 | E40: 1 | F40: 14.52 | H40: 38 | I40: back braces | J40: 背部支架 | L40: 3 | M40: 16.39
A41: 40 | B41: elastic | C41: 有弹性 | E41: 1 | F41: 14.52 | H41: 39 | I41: pain men | J41: 痛苦男人 | L41: 2 | M41: 16.26
A42: 41 | B42: scoliosis | C42: 脊柱侧凸 | E42: 3 | F42: 14.33 | H42: 40 | I42: correction belt | J42: 矫正带 | L42: 4 | M42: 15.94
A43: 42 | B43: bras | C43: 文胸 | E43: 3 | F43: 14.01 | H43: 41 | I43: upper back | J43: 上背部 | L43: 4 | M43: 15.2
A44: 43 | B44: correcting | C44: 校正 | E44: 3 | F44: 13.34 | H44: 42 | I44: neck hump | J44: 颈部隆起 | L44: 2 | M44: 14.52
A45: 44 | B45: camelbak | C45: 骆驼背包 | E45: 3 | F45: 12.36 | H45: 43 | I45: brace & | J45: 支撑& | L45: 1 | M45: 14.52
A46: 45 | B46: dainely | C46: 戴内利 | E46: 1 | F46: 9.41 | H46: 44 | I46: & elastic | J46: 弹性的（&A） | L46: 1 | M46: 14.52
A47: 46 | B47: spine | C47: 刺 | E47: 2 | F47: 9.19 | H47: 45 | I47: elastic supports | J47: 弹性支承 | L47: 1 | M47: 14.52
A48: 47 | B48: vistaro | C48: 维斯塔罗 | E48: 2 | F48: 8.94 | H48: 46 | I48: shoulder brace | J48: 肩部支架 | L48: 2 | M48: 14.33
A49: 48 | B49: forme | C49: 形式 | E49: 2 | F49: 8.94 | H49: 47 | I49: posture correcting | J49: 姿势矫正 | L49: 3 | M49: 13.34
A50: 49 | B50: lumbar | C50: 腰椎 | E50: 3 | F50: 8.54 | H50: 48 | I50: camelbak correction | L50: 3 | M50: 12.36
A51: 50 | B51: compression | C51: 压缩 | E51: 2 | F51: 7.51 | H51: 49 | I51: fit back | J51: 回转 | L51: 2 | M51: 12.01
A52: 51 | B52: products | C52: 产品 | E52: 2 | F52: 7.44 | H52: 50 | I52: neck support | J52: 颈部支撑 | L52: 1 | M52: 11.35
A53: 52 | B53: size | C53: 大小 | E53: 3 | F53: 7.1 | H53: 51 | I53: copper back | J53: 铜背 | L53: 3 | M53: 9.52
A54: 53 | B54: work | C54: 工作 | E54: 2 | F54: 6.7 | H54: 52 | I54: belt lower | J54: 皮带下部 | L54: 1 | M54: 9.41
A55: 54 | B55: shoulders | C55: 肩膀 | E55: 2 | F55: 6.53 | H55: 53 | I55: dainely belt | J55: dainely腰带 | L55: 1 | M55: 9.41
A56: 55 | B56: sholder. | C56: 肖德。 | E56: 2 | F56: 5.99 | H56: 54 | I56: scoliosis back | J56: 背部脊柱侧凸 | L56: 1 | M56: 8.96
A57: 56 | B57: science | C57: 科学 | E57: 1 | F57: 5.88 | H57: 55 | I57: bra posture | J57: 胸罩姿势 | L57: 2 | M57: 8.94
A58: 57 | B58: decompressor | C58: 减压器 | E58: 1 | F58: 5.64 | H58: 56 | I58: hero posture | L58: 1 | M58: 8.67
A59: 58 | B59: belts | C59: 腰带 | E59: 1 | F59: 5.56 | H59: 57 | I59: de mujer | J59: 德穆耶尔 | L59: 1 | M59: 8.63
A60: 59 | B60: mens | C60: 男士 | E60: 2 | F60: 5.31 | H60: 58 | I60: espalda de | L60: 1 | M60: 8.63
A61: 60 | B61: hunchback | C61: 驼背 | E61: 1 | F61: 5.1 | H61: 59 | I61: back corrector | J61: 背部矫正器 | L61: 2 | M61: 8.61
A62: 61 | B62: backache | E62: 1 | F62: 4.52 | H62: 60 | I62: corecorex instant | L62: 1 | M62: 8.58
A63: 62 | B63: dowager's | C63: 皇太后的 | E63: 1 | F63: 4.35 | H63: 61 | I63: neck posture | J63: 颈部姿势 | L63: 2 | M63: 7.95
A64: 63 | B64: 2 | C64: 2 | E64: 1 | F64: 4.17 | H64: 62 | I64: de la | J64: 德拉河 | L64: 2 | M64: 7.54
A65: 64 | B65: upright | C65: 直立的 | E65: 1 | F65: 4.17 | H65: 63 | I65: postura de | L65: 2 | M65: 7.54
A66: 65 | B66: fix | C66: 修复 | E66: 1 | F66: 4.12 | H66: 64 | I66: copper compression | J66: 铜压缩 | L66: 2 | M66: 7.51
A67: 66 | B67: hydrolabs | E67: 1 | F67: 4.12 | H67: 65 | I67: posture bras | J67: 姿势胸罩 | L67: 1 | M67: 7.25
A68: 67 | B68: board | C68: 板 | E68: 1 | F68: 4.07 | H68: 66 | I68: vistaro posture | L68: 1 | M68: 6.58
A69: 68 | B69: plus-size | C69: 加大码 | E69: 1 | F69: 4.04 | H69: 67 | I69: sholder. brace | J69: 肖尔德。支架 | L69: 2 | M69: 5.99
A70: 69 | B70: lumbowrap | C70: 拉腰器 | E70: 1 | F70: 4.04 | H70: 68 | I70: shoulder support | J70: 肩膀支撑 | L70: 1 | M70: 5.96
A71: 70 | B71: joroba | E71: 1 | F71: 4 | H71: 69 | I71: forme science | L71: 1 | M71: 5.88
A72: 71 | B72: pump | C72: 泵 | E72: 1 | F72: 4 | H72: 70 | I72: science bra | L72: 1 | M72: 5.88
A73: 72 | B73: lifting | C73: 提升 | E73: 1 | F73: 3.87 | H73: 71 | I73: spine decompressor | J73: 脊柱减压器 | L73: 1 | M73: 5.64
A74: 73 | B74: sparthos | C74: 斯巴索斯 | E74: 1 | F74: 3.84 | H74: 72 | I74: back belts | J74: 背带 | L74: 1 | M74: 5.56
A75: 74 | B75: looksmaxxing | C75: 外貌改善 | E75: 1 | F75: 3.75 | H75: 73 | I75: espalda mujer | J75: 埃斯帕尔达妇女 | L75: 2 | M75: 5.54
A76: 75 | B76: approved | C76: 已批准 | E76: 1 | F76: 3.68 | H76: 74 | I76: posture correction | J76: 姿势矫正 | L76: 1 | M76: 5.4
A77: 76 | B77: hsa | C77: hsa | E77: 1 | F77: 3.68 | H77: 75 | I77: shoulder posture | J77: 肩部姿势 | L77: 1 | M77: 5.25
A78: 77 | B78: womens | C78: 女性 | E78: 1 | F78: 3.63 | H78: 76 | I78: hunchback posture | J78: 驼背姿势 | L78: 1 | M78: 5.1
A79: 78 | B79: camelback | C79: 骆驼背 | E79: 1 | F79: 3.58 | H79: 77 | I79: size back | J79: 尺寸背面 | L79: 2 | M79: 4.68
A80: 79 | B80: dowagers | C80: 老太婆 | E80: 1 | F80: 3.57 | H80: 78 | I80: backache relief | L80: 1 | M80: 4.52
A81: 80 | B81: backpod | C81: 背部支撑 | E81: 1 | F81: 3.19 | H81: 79 | I81: la postura | L81: 1 | M81: 4.45
A82: 81 | B82: back- | C82: 背- | E82: 1 | F82: 3.11 | H82: 80 | I82: correcting bra | J82: 矫正文胸 | L82: 1 | M82: 4.4
A83: 82 | B83: tommy | C83: Tommy | E83: 1 | F83: 3.11 | H83: 81 | I83: dowager's hump | J83: 老驼峰 | L83: 1 | M83: 4.35
A84: 83 | B84: t-shirt | C84: T恤 | E84: 1 | F84: 3.11 | H84: 82 | I84: support bras | J84: 支撑胸罩 | L84: 1 | M84: 4.34
A85: 84 | B85: sports | C85: 运动 | E85: 1 | F85: 3.06 | H85: 83 | I85: women posture | J85: 女性姿势 | L85: 1 | M85: 4.34
A86: 85 | B86: geno | C86: 热那亚 | E86: 1 | F86: 2.91 | H86: 84 | I86: trabajo para | J86: 特拉瓦霍山 | L86: 2 | M86: 4.31
A87: 86 | B87: gardner | C87: 加德纳 | E87: 1 | F87: 2.89 | H87: 85 | I87: upright go | J87: 直立走 | L87: 1 | M87: 4.17
A88: 87 | B88: exoskeleton | C88: 外骨骼 | E88: 1 | F88: 2.78 | H88: 86 | I88: posture fix | J88: 姿势固定 | L88: 1 | M88: 4.12
A89: 88 | B89: cinturón | C89: 腰带 | E89: 1 | F89: 2.71 | H89: 87 | I89: hydrolabs posture | L89: 1 | M89: 4.12
A90: 89 | B90: bienestar | C90: 双星 | E90: 1 | F90: 2.71 | H90: 88 | I90: posture board | J90: 姿势板 | L90: 1 | M90: 4.07
A91: 90 | B91: air | C91: 空气 | E91: 1 | F91: 2.68 | H91: 89 | I91: lumbowrap plus-size | J91: 腰包大码 | L91: 1 | M91: 4.04
A92: 91 | B92: top | C92: 顶部 | E92: 1 | F92: 2.66 | H92: 90 | I92: plus-size back | J92: 大码后背 | L92: 1 | M92: 4.04
A93: 92 | B93: rated | C93: 额定的 | E93: 1 | F93: 2.66 | H93: 91 | I93: de espalda | J93: 德埃斯帕尔达 | L93: 1 | M93: 4
A94: 93 | B94: corex | C94: 科瑞克斯 | E94: 1 | F94: 2.63 | H94: 92 | I94: para joroba | L94: 1 | M94: 4
A95: 94 | B95: core | C95: 核心 | E95: 1 | F95: 2.63 | H95: 93 | I95: posture pump | J95: 姿势泵 | L95: 1 | M95: 4
A96: 95 | B96: copperfit | C96: copperfit | E96: 1 | F96: 2.57 | H96: 94 | I96: espalda para | J96: 埃斯帕尔达帕拉 | L96: 1 | M96: 4
A97: 96 | B97: dolor | C97: 痛苦 | E97: 1 | F97: 2.53 | H97: 95 | I97: joroba de | L97: 1 | M97: 4
A98: 97 | B98: chair | C98: 椅子 | E98: 1 | F98: 2.5 | H98: 96 | I98: lifting at | J98: 举升 | L98: 1 | M98: 3.87
A99: 98 | B99: worker | C99: 工作者 | E99: 1 | F99: 2.49 | H99: 97 | I99: sparthos back | J99: 斯帕索斯背 | L99: 1 | M99: 3.84
A100: 99 | B100: healthcare | C100: 医疗保健 | E100: 1 | F100: 2.49 | H100: 98 | I100: looksmaxxing products | J100: looksmaxxing产品 | L100: 1 | M100: 3.75
A101: 100 | B101: accessories | C101: 配件 | E101: 1 | F101: 2.49 | H101: 99 | I101: hsa approved | J101: HSA批准 | L101: 1 | M101: 3.68
A102: 101 | B102: advanced | C102: 高级 | E102: 1 | F102: 2.39 | H102: 100 | I102: approved products | J102: 批准的产品 | L102: 1 | M102: 3.68
A103: 102 | B103: axzenia | C103: 阿克泽尼亚 | E103: 1 | F103: 2.37 | H103: 101 | I103: womens back | J103: 女性背部 | L103: 1 | M103: 3.63
A104: 103 | B104: low | C104: 低 | E104: 1 | F104: 2.34 | H104: 102 | I104: camelback correction | L104: 1 | M104: 3.58
...

Sheet 4-ASIN 表
A1: ASIN竞品表 | O1: 产品受众群体 | P1: 款式
A2: # | B2: ASIN | C2: 标题 | D2: 价格 | E2: 星级 | F2: 评论数 | G2: 特征 | H2: 流量来源 | I2: 全部流量词 | J2: 自然流量词 | K2: SP广告词 | L2: 品牌广告词 | M2: 视频广告词 | N2: AC推荐词
A3: 1 | B3: B000095SGT | C3: Ergodyne ProFlex 1650 Back Support Belt, 7.5" Elastic, Adjustable, Removeable Straps, Large | D3: 9.99 | E3: 4.5 | F3: 2988 | H3: {自然搜索=[]} | I3: 190 | J3: 190 | K3: 0 | L3: 0 | M3: 0 | N3: 0
A4: 2 | B4: B000H8716Q | C4: Ergodyne ProFlex 1600 Back Support Brace, 9" Extended Support, High Cut Front For Mobility, Large,Black | D4: 19.99 | E4: 4.5 | F4: 7965 | H4: {自然搜索=[]} | I4: 180 | J4: 180 | K4: 0 | L4: 0 | M4: 0 | N4: 0
A5: 3 | B5: B00BFPYZWS | C5: NeoTech Care Adjustable Back Brace Lumbar Support Belt with Suspenders, Black, Size M | D5: 25.27 | E5: 4.5 | F5: 7234 | H5: {自然搜索=[], PPC广告=[SP广告, 头部品牌广告]} | I5: 181 | J5: 132 | K5: 32 | L5: 36 | M5: 0 | N5: 0
A6: 4 | B6: B00HGECOCA | C6: BraceAbility Clavicle Support Brace - Figure 8 Upper Back Brace Posture Corrector for Women and Men, Shoulder Straightener, Kyphosis Relief, Sling for Injuries and Fractures (Medium) | D6: 25.49 | E6: 4 | F6: 1457 | H6: {自然搜索=[], PPC广告=[SP广告]} | I6: 160 | J6: 129 | K6: 54 | L6: 0 | M6: 0 | N6: 0
A7: 5 | B7: B00OB2JLSA | C7: BraceAbility Plus Size 3XL Bariatric Back Brace - XXXL Big and Tall Lumbar Support Girdle for Obesity Lower Back Pain in Extra Large, Heavy or Overweight Men and Women (Fits 55"-61") | D7: 39.99 | E7: 4 | F7: 2504 | H7: {自然搜索=[], PPC广告=[SP广告, 视频广告]} | I7: 131 | J7: 85 | K7: 45 | L7: 0 | M7: 25 | N7: 0
A8: 6 | B8: B00TM8R6QM | C8: Copper Fit Advanced Back Pro Belt Compression Brace, Large/X-Large | D8: 17.59 | E8: 4.5 | F8: 12558 | H8: {自然搜索=[], PPC广告=[SP广告, 头部品牌广告]} | I8: 428 | J8: 382 | K8: 33 | L8: 70 | M8: 0 | N8: 0
A9: 7 | B9: B00VR00ZY8 | C9: Posture Medic Dynamic Posture Brace for Neck, Upper and Lower Back - Long-Term Posture Correction Tool, Unlike Static Posture Correctors That Just Yank Shoulders Back, Large Plus Strength, Silver | D9: 39.95 | E9: 4 | F9: 1040 | H9: {自然搜索=[], PPC广告=[SP广告]} | I9: 48 | J9: 47 | K9: 2 | L9: 0 | M9: 0 | N9: 0
A10: 8 | B10: B00ZHTM1D8 | C10: Work Back Brace - Industrial Lower Back Pain Protection Belt for Men and Women, Construction, Moving, Warehouse Jobs - Removable Suspender Shoulder Straps for Heavy Lifting Safety (L) | D10: 59.99 | E10: 4.5 | F10: 2359 | H10: {自然搜索=[], PPC广告=[SP广告, 视频广告]} | I10: 95 | J10: 84 | K10: 2 | L10: 0 | M10: 11 | N10: 0
A11: 9 | B11: B00ZN0HZ78 | C11: BraceUP Back Support Belt for Men and Women - Breathable Waist Lumbar Support Lower Back Brace for Sciatica, Herniated Disc, Scoliosis Lower Back Pain Relief (L/XL 90-110 cm) | D11: 25.99 | E11: 4.5 | F11: 14180 | H11: {自然搜索=[], 官方推荐=[AC专栏], PPC广告=[SP广告, 头部品牌广告, 视频广告]} | I11: 601 | J11: 357 | K11: 433 | L11: 58 | M11: 15 | N11: 10
A12: 10 | B12: B016LLMKLS | C12: Copper Compression Lower Back Lumbar Support Brace, 1 Guaranteed Highest Copper Content, Great for All Activities! Infused Fit Wrap/Belt, Wear Anywhere! (Waist 28" - 38") | D12: 24.95 | E12: 4 | F12: 9291 | H12: {自然搜索=[], PPC广告=[SP广告, 头部品牌广告]} | I12: 191 | J12: 176 | K12: 2 | L12: 15 | M12: 0 | N12: 0
A13: 11 | B13: B01GEXE74Q | C13: FlexGuard Posture Corrector for Women and Men - Back Brace for Posture, Adjustable Back Support Straightener Shoulder Posture Support for Pain Relief, Body Correction, Large | D13: 20.75 | E13: 4 | F13: 12908 | H13: {自然搜索=[], PPC广告=[SP广告]} | I13: 250 | J13: 245 | K13: 13 | L13: 0 | M13: 0 | N13: 0
A14: 12 | B14: B075STLFP1 | C14: Back Support Belts Posture Corrector Back Brace Improves Posture and Provides For Lower and Upper Back Pain Men and Women -XXL | D14: 33.66 | E14: 4 | F14: 3666 | H14: {自然搜索=[], PPC广告=[SP广告]} | I14: 260 | J14: 248 | K14: 29 | L14: 0 | M14: 0 | N14: 0
... A76: 74 | B76: B0CXPJNPG4 | C76: Posture Corrector Upper Back Brace Neck Shoulder Back Support Brace Pain Relief Belt for Women Men Braces Spine Straightener Breathable - Adjustable | D76: 23.99 | E76: 4.5 | F76: 235 | H76: {自然搜索=[], 官方推荐=[AC专栏], PPC广告=[SP广告], Deal=[优惠券(Coupon)]} | I76: 725 | J76: 499 | K76: 463 | L76: 0 | M76: 0 | N76: 86
A77: 75 | B77: B0CXPPGCKM | C77: Posture Corrector for Men And Women Shoulder Straightener Posture Corrector, Adjustable Full Back Support, Upper and Lower Back Pain Relief - Scoliosis, Hunchback, Hump, Thoracic, Spine Corrector (M) | D77: 13.99 | H77: {自然搜索=[]} | I77: 12 | J77: 12 | K77: 0 | L77: 0 | M77: 0 | N77: 0
A78: 76 | B78: B0CY4H36MR | C78: Back Brace Posture Corrector for Men & Women: Adjustable Full Back Support, Shoulder Straightener, Upper & Lower Back Pain Relief - Scoliosis, Hunchback, Hump, Thoracic, Spine Corrector (Medium) | D78: 32.99 | E78: 5 | F78: 18 | H78: {自然搜索=[], PPC广告=[SP广告], Deal=[优惠券(Coupon)]} | I78: 440 | J78: 398 | K78: 205 | L78: 0 | M78: 0 | N78: 0
A79: 77 | B79: B0CY7X47JQ | C79: Posture Corrector for Men&Women - Back Brace for Lumbar Support and Upright - Breathable Back Straightener Back Corrector Posture Improve and Neck, Back, Shoulder Pain Relieve,(Large(33-37 Inch)) | D79: 34.99 | E79: 4.5 | F79: 47 | H79: {自然搜索=[], PPC广告=[SP广告]} | I79: 487 | J79: 342 | K79: 271 | L79: 0 | M79: 0 | N79: 0
A80: 78 | B80: B0CYLK9JV3 | C80: Posture Corrector for Women & Men,Adjustable Back Posture Corrector,Breathable-Invisible Upper Back Brace Support and Providing Pain Relief from Neck,Shoulder, and Clavicle, Back Posture Corrector | D80: 19.99 | E80: 5 | F80: 13192 | H80: {自然搜索=[], PPC广告=[SP广告], Deal=[优惠券(Coupon)]} | I80: 252 | J80: 233 | K80: 51 | L80: 0 | M80: 0 | N80: 0
A81: 79 | B81: B0CYX6F6HD | C81: 2024 NEW instant posture corrector,Posture Corrector for Women and Men,instant posture,Back Straightener Posture, Used for Middle and Upper Spine (2XL) | D81: 19.98 | E81: 2 | F81: 2 | H81: {自然搜索=[], PPC广告=[SP广告]} | I81: 13 | J81: 11 | K81: 2 | L81: 0 | M81: 0 | N81: 0
A82: 80 | B82: B0CZ6NNH6G | C82: Vistaro Posture Corrector for Women and Men, Instant Posture Corrector Adjustable Back Straightener (X-Large (147-191lb)) | D82: 24.99 | H82: {自然搜索=[]} | I82: 166 | J82: 166 | K82: 0 | L82: 0 | M82: 0 | N82: 0
A83: 81 | B83: B0D12PR8GX | C83: Back Brace Posture Corrector for Women and Men - Relief for Waist, Back and Shoulder Pain - Adjustable and Breathable Posture Back Brace - Improve Back Posture and Provide Lumbar Support L(33"-37") | D83: 34.99 | E83: 4.5 | F83: 116 | H83: {自然搜索=[], 官方推荐=[AC专栏], Deal=[优惠券(Coupon)]} | I83: 450 | J83: 450 | K83: 0 | L83: 0 | M83: 0 | N83: 3
A84: 82 | B84: B0D1QPY7NP | C84: Back Brace Posture Corrector for Women and Men - Adjustable Posture Back Brace for Upper and Lower Back Pain Relief - Improve Back Posture and Lumbar Support XXL(42"-48") | D84: 34.99 | E84: 4.5 | F84: 58 | H84: {自然搜索=[], PPC广告=[SP广告]} | I84: 44 | J84: 40 | K84: 5 | L84: 0 | M84: 0 | N84: 0

Sheet 5-后台ABA数据对照
A1: 搜索频率排名 | B1: 搜索词 | C1: 点击量最高的品牌 #1 | D1: 点击量最高的品牌 #2 | E1: 点击量最高的品牌 #3 | F1: 点击量最高的类别 #1 | G1: 点击量最高的类别 #2 | H1: 点击量最高的类别 #3 | I1: 点击量最高的商品 #1：ASIN | J1: 点击量最高的商品 #1：商品名称 | K1: 点击量最高的商品 #1：点击份额 | L1: 点击量最高的商品 #1：转化份额 | M1: 点击量最高的商品 #2：ASIN | N1: 点击量最高的商品 #2：商品名称 | O1: 点击量最高的商品 #2：点击份额 | P1: 点击量最高的商品 #2：转化份额 | Q1: 点击量最高的商品 #3：ASIN | R1: 点击量最高的商品 #3：商品名称 | S1: 点击量最高的商品 #3：点击份额 | T1: 点击量最高的商品 #3：转化份额 | U1: 报告日期
A2: 1708 | B2: posture corrector for women | C2: Fit Geno | D2: ComfyBrace | E2: JMPOSE | F2: Health & Personal Care | G2: Biss | H2: Apparel | I2: B07ZQPKTVV | J2: ComfyBrace Posture Corrector-Back Brace for Men and Women- Fully Adjustable Straightener for Mid, Upper Spine Support- Neck, Shoulder, Clavicle and Back Pain Relief-Breathable | K2: 14.45 | L2: 10.08 | M2: B0BYMMVKZF | N2: JMPOSE Posture Corrector for Women and Men, Breathable Back Brace, Adjustable Posture Corrector for Back, Shoulder and Spine Pain Relief (Small/Medium) | O2: 12.64 | P2: 9.4 | Q2: B09ZQ192L3 | R2: Fit Geno Posture Corrector for Women and Men - Adjustable Back Brace & Straightener for Scoliosis, Hunchback Correction, Back Pain, Spine Corrector, Back Support and Posture Trainer | S2: 8.96 | T2: 4.11 | U2: 45395
A3: 3639 | B3: posture corrector for men | C3: Fit Geno | D3: SHAPERKY | E3: Fitsupport | F3: Health & Personal Care | G3: Biss | H3: Sports | I3: B09ZQ192L3 | J3: Fit Geno Posture Corrector for Women and Men - Adjustable Back Brace & Straightener for Scoliosis, Hunchback Correction, Back Pain, Spine Corrector, Back Support and Posture Trainer | K3: 12.31 | L3: 2.88 | M3: B0B63KDFK7 | N3: Posture Corrector for Men and Women, Adjustable Upper Back Brace, Muscle Memory Support Straightener, Providing Pain Relief from Neck, Shoulder, and Upper and Lower Back, Small/Medium(27''-39'') | O3: 10.43 | P3: 4.25 | Q3: B07M7RQCQ5 | R3: Copper Compression Posture Corrector for Men & Women - Adjustable Copper Infused Orthopedic Brace for Pain Relief from Bad Posture, Slumping - Targets Upper Back, Shoulders, Neck, Clavicle | S3: 8.98 | T3: 3.52 | U3: 45395
A4: 12022 | B4: posture corrector | C4: Fit Geno | D4: ComfyBrace | E4: Ticoni | F4: Health & Personal Care | G4: Biss | H4: Sports | I4: B07ZQPKTVV | J4: ComfyBrace Posture Corrector-Back Brace for Men and Women- Fully Adjustable Straightener for Mid, Upper Spine Support- Neck, Shoulder, Clavicle and Back Pain Relief-Breathable | K4: 11.94 | L4: 10.87 | M4: B09ZQ192L3 | N4: Fit Geno Posture Corrector for Women and Men - Adjustable Back Brace & Straightener for Scoliosis, Hunchback Correction, Back Pain, Spine Corrector, Back Support and Posture Trainer | O4: 11.64 | P4: 4.5 | Q4: B0BWRHYZWJ | R4: Posture Corrector for Women and Men,Adjustable Upper Back Brace, Breathable Back Support straightener, Providing Pain Relief from Lumbar, Neck, Shoulder, and Clavicle, Back (Black) | S4: 8.02 | T4: 6.99 | U4: 45395
A5: 25412 | B5: back brace posture corrector | C5: Fit Geno | D5: SNUSIM | E5: ComfyBrace | F5: Health & Personal Care | G5: Biss | H5: Apparel | I5: B09ZQ2QSXS | J5: Fit Geno Back Brace Posture Corrector for Women and Men, Shoulder Straightener, Adjustable Full Back Support, Upper and Lower Back Pain Relief - Scoliosis, Hunchback, Hump, Thoracic, Spine Corrector | K5: 15.27 | L5: 7.71 | M5: B0CXPJNPG4 | N5: SNUSIM Posture Corrector Upper Back Brace Neck Shoulder Back Support Brace Pain Relief Belt for Women Men Braces Spine Straightener Breathable - Adjustable | O5: 11.02 | P5: 7.71 | Q5: B07ZQPKTVV | R5: ComfyBrace Posture Corrector-Back Brace for Men and Women- Fully Adjustable Straightener for Mid, Upper Spine Support- Neck, Shoulder, Clavicle and Back Pain Relief-Breathable | S5: 8.11 | T5: 5.67 | U5: 45395
A6: 28687 | B6: back straightener posture corrector | C6: Fit Geno | D6: ComfyBrace | E6: Ticoni | F6: Health & Personal Care | G6: Biss | H6: Home | I6: B09ZQ2QSXS | J6: Fit Geno Back Brace Posture Corrector for Women and Men, Shoulder Straightener, Adjustable Full Back Support, Upper and Lower Back Pain Relief - Scoliosis, Hunchback, Hump, Thoracic, Spine Corrector | K6: 17.43 | L6: 8.5 | M6: B07ZQPKTVV | N6: ComfyBrace Posture Corrector-Back Brace for Men and Women- Fully Adjustable Straightener for Mid, Upper Spine Support- Neck, Shoulder, Clavicle and Back Pain Relief-Breathable | O6: 14.42 | P6: 10.78 | Q6: B0BHF1DT5N | R6: Fit Geno Back Brace Posture Corrector for Women: Shoulder Straightener Adjustable Full Back Support Upper and Lower Back Pain Relief - Scoliosis Hunchback Hump Thoracic Spine Corrector Pink Medium | S6: 6.74 | T6: 0.98 | U6: 45395
A7: 33496 | B7: posture corrector bra | C7: Delimira | D7: IROCUE | E7: JMPOSE | F7: Apparel | G7: Health & Personal Care | H7: Sports | I7: B0CT7MVMV3 | J7: DELIMIRA Women's Front Closure Posture Wireless Back Support Full Coverage Bra | K7: 15.01 | L7: 0 | M7: B0CW33TPRS | N7: IROCUE Women's Front Closure Posture Corrector Bra Wireless Back Support Bras for Women Comfy Unlined with Nipple Covers | O7: 10.18 | P7: 0 | Q7: B0BYMMVKZF | R7: JMPOSE Posture Corrector for Women and Men, Breathable Back Brace, Adjustable Posture Corrector for Back, Shoulder and Spine Pain Relief (Small/Medium) | S7: 7.63 | T7: 4.89 | U7: 45395
A8: 33646 | B8: back posture corrector women | C8: Fit Geno | D8: ComfyBrace | E8: JMPOSE | F8: Health & Personal Care | G8: Apparel | H8: Biss | I8: B09ZQ2QSXS | J8: Fit Geno Back Brace Posture Corrector for Women and Men, Shoulder Straightener, Adjustable Full Back Support, Upper and Lower Back Pain Relief - Scoliosis, Hunchback, Hump, Thoracic, Spine Corrector | K8: 16.67 | L8: 6.86 | M8: B07ZQPKTVV | N8: ComfyBrace Posture Corrector-Back Brace for Men and Women- Fully Adjustable Straightener for Mid, Upper Spine Support- Neck, Shoulder, Clavicle and Back Pain Relief-Breathable | O8: 16.03 | P8: 11.44 | Q8: B0BYMMVKZF | R8: JMPOSE Posture Corrector for Women and Men, Breathable Back Brace, Adjustable Posture Corrector for Back, Shoulder and Spine Pain Relief (Small/Medium) | S8: 11.56 | T8: 9.8 | U8: 45395
A9: 45501 | B9: back posture corrector for men | C9: Fit Geno | D9: SNUSIM | E9: Fitsupport | F9: Health & Personal Care | G9: Biss | H9: Apparel | I9: B0CXPJNPG4 | J9: SNUSIM Posture Corrector Upper Back Brace Neck Shoulder Back Support Brace Pain Relief Belt for Women Men Braces Spine Straightener Breathable - Adjustable | K9: 13.17 | L9: 10.19 | M9: B09ZQ2QSXS | N9: Fit Geno Back Brace Posture Corrector for Women and Men, Shoulder Straightener, Adjustable Full Back Support, Upper and Lower Back Pain Relief - Scoliosis, Hunchback, Hump, Thoracic, Spine Corrector | O9: 13.08 | P9: 8.3 | Q9: B09ZQ192L3 | R9: Fit Geno Posture Corrector for Women and Men - Adjustable Back Brace & Straightener for Scoliosis, Hunchback Correction, Back Pain, Spine Corrector, Back Support and Posture Trainer | S9: 7.25 | T9: 1.51 | U9: 45395
A10: 51329 | B10: posture bra | C10: Delimira | D10: Bali | E10: HACI | F10: Apparel | G10: Health & Personal Care | H10: Sports | I10: B0CT7MVMV3 | J10: DELIMIRA Women's Front Closure Posture Wireless Back Support Full Coverage Bra | K10: 8.99 | L10: 0 | M10: B0CW1NXQ4D | N10: DELIMIRA Women's Full Coverage Front Closure Wire Free Back Support Posture Bra | O10: 6.49 | P10: 0 | Q10: B0C6GK7B9X | R10: NLNYCT Posture Corrector For Women, Adjustable Back Brace For Posture, Back Posture Corrector Providing Pain Relief From Lumbar, Neck, Shoulder, And Clavicle, Back (S/M Upper Waist 25-36 Inch) | S10: 6.39 | T10: 1.63 | U10: 45395
A11: 56923 | B11: tommie copper posture bra | C11: Tommie Copper | D11: Delimira | E11: HACI | F11: Apparel | G11: Sports | H11: Health & Personal Care | I11: B0BRTGXT5M | J11: Tommie Copper Shoulder Support Bra, Posture Corrector Bra for Women, Bra with Back Support, Posture Bra and Compression Bra for Women, Back and Shoulder Support Bra- White - XX-Large | K11: 13.53 | L11: 3.87 | M11: B0CT7MVMV3 | N11: DELIMIRA Women's Front Closure Posture Wireless Back Support Full Coverage Bra | O11: 6.61 | P11: 0 | Q11: B0BRTJTBVL | R11: Tommie Copper Shoulder Support Bra, Posture Corrector Bra for Women, Bra with Back Support, Posture Bra and Compression Bra for Women, Back and Shoulder Support Bra- White - Large | S11: 4.48 | T11: 0.65 | U11: 45395
A12: 60972 | B12: back brace for posture | C12: Fit Geno | D12: ComfyBrace | E12: Fitsupport | F12: Health & Personal Care | G12: Biss | H12: Tools | I12: B07ZQPKTVV | J12: ComfyBrace Posture Corrector-Back Brace for Men and Women- Fully Adjustable Straightener for Mid, Upper Spine Support- Neck, Shoulder, Clavicle and Back Pain Relief-Breathable | K12: 11.36 | L12: 8.14 | M12: B09ZQ192L3 | N12: Fit Geno Posture Corrector for Women and Men - Adjustable Back Brace & Straightener for Scoliosis, Hunchback Correction, Back Pain, Spine Corrector, Back Support and Posture Trainer | O12: 11.04 | P12: 2.91 | Q12: B07Q494CNM | R12: Back Brace Posture Corrector for Women and Men Back Lumbar Support Shoulder Posture Support for Improve Posture Provide and Back Pain Relief | S12: 6.71 | T12: 1.74 | U12: 45395
A13: 75242 | B13: hatmeo posture correcting bra | D13: WOWENY | E13: CATESILK | F13: Apparel | G13: Health & Personal Care | H13: Sports | I13: B0CS3B4THH | J13: Hatmeo Posture Correcting Bra, Wmbra Bra, Comfortable Full Back Cover Plus Size Bra (US, Alpha, Medium, Regular, Regular, Beige) | K13: 7.32 | L13: 0 | M13: B0CS3C6JZJ | N13: Hatmeo Posture Correcting Bra, Wmbra Bra, Comfortable Full Back Cover Plus Size Bra (US, Alpha, Large, Regular, Regular, Beige) | O13: 5.1 | P13: 2.38 | Q13: B0CS38J3MR | R13: Hatmeo Posture Correcting Bra, Wmbra Bra Comfortable Full Back Cover Plus Size Bras | S13: 4.71 | T13: 0 | U13: 45395
A14: 90758 | B14: posture | C14: Fit Geno | D14: ComfyBrace | E14: Ticoni | F14: Health & Personal Care | G14: Biss | H14: Sports | I14: B07ZQPKTVV | J14: ComfyBrace Posture Corrector-Back Brace for Men and Women- Fully Adjustable Straightener for Mid, Upper Spine Support- Neck, Shoulder, Clavicle and Back Pain Relief-Breathable | K14: 14.11 | L14: 12.37 | M14: B09ZQ2QSXS | N14: Fit Geno Back Brace Posture Corrector for Women and Men, Shoulder Straightener, Adjustable Full Back Support, Upper and Lower Back Pain Relief - Scoliosis, Hunchback, Hump, Thoracic, Spine Corrector | O14: 13.02 | P14: 9.28 | Q14: B0BWRHYZWJ | R14: Posture Corrector for Women and Men,Adjustable Upper Back Brace, Breathable Back Support straightener, Providing Pain Relief from Lumbar, Neck, Shoulder, and Clavicle, Back (Black) | S14: 10.08 | T14: 8.25 | U14: 45395
A15: 98032 | B15: posture brace | C15: Fit Geno | D15: ComfyBrace | E15: JMPOSE | F15: Health & Personal Care | G15: Biss | H15: Apparel | I15: B07ZQPKTVV | J15: ComfyBrace Posture Corrector-Back Brace for Men and Women- Fully Adjustable Straightener for Mid, Upper Spine Support- Neck, Shoulder, Clavicle and Back Pain Relief-Breathable | K15: 19.63 | L15: 10.4 | M15: B09ZQ2QSXS | N15: Fit Geno Back Brace Posture Corrector for Women and Men, Shoulder Straightener, Adjustable Full Back Support, Upper and Lower Back Pain Relief - Scoliosis, Hunchback, Hump, Thoracic, Spine Corrector | O15: 15.47 | P15: 6.4 | Q15: B0BYMMVKZF | R15: JMPOSE Posture Corrector for Women and Men, Breathable Back Brace, Adjustable Posture Corrector for Back, Shoulder and Spine Pain Relief (Small/Medium) | S15: 6.99 | T15: 1.6 | U15: 45395
A16: 115321 | B16: back hero posture corrector | C16: BITYEYE | D16: VOKOKOYA | E16: Fit Geno | F16: Health & Personal Care | G16: Biss | H16: Sports | I16: B0CHNNXLJD | J16: VOKOKOYA Posture Corrector for Women and Men, Adjustable Shoulder Posture Brace, Back Straightener Posture, Used for Middle and Upper Spine | K16: 22.09 | L16: 3.51 | M16: B0CXD5GPXW | N16: BITYEYE Instant Posture Corrector,2024 New Back Straightener Posture Corrector,Instant Posture Corrector Adjustable Back Straightener (1PCS-S) | O16: 19.38 | P16: 0 | Q16: B09ZQ2QSXS | R16: Fit Geno Back Brace Posture Corrector for Women and Men, Shoulder Straightener, Adjustable Full Back Support, Upper and Lower Back Pain Relief - Scoliosis, Hunchback, Hump, Thoracic, Spine Corrector | S16: 10.85 | T16: 1.75 | U16: 45395
A17: 116583 | B17: corecorex instant posture corrector | D17: Super Ergonomic | E17: Fit Geno | F17: Health & Personal Care | G17: Biss | I17: B0CSYX26PB | J17: Super Ergonomic Corecorex™ Instant Posture Corrector Adjustable Back Straightener (Medium(88-132lb)) | K17: 16.05 | L17: 5.81 | M17: B09ZQ2QSXS | N17: Fit Geno Back Brace Posture Corrector for Women and Men, Shoulder Straightener, Adjustable Full Back Support, Upper and Lower Back Pain Relief - Scoliosis, Hunchback, Hump, Thoracic, Spine Corrector | O17: 12.72 | P17: 8.14 | Q17: B0CYX6TV6H | R17: 2024 NEW instant posture corrector,Posture Corrector for Women and Men,instant posture,Back Straightener Posture, Used for Middle and Upper Spine (S) | S17: 9.39 | T17: 1.16 | U17: 45395
A18: 123361 | B18: instant posture corrector | D18: Fit Geno | E18: Fitsupport | F18: Health & Personal Care | G18: Biss | H18: Apparel | I18: B0CYX6TV6H | J18: 2024 NEW instant posture corrector,Posture Corrector for Women and Men,instant posture,Back Straightener Posture, Used for Middle and Upper Spine (S) | K18: 17.94 | L18: 1.49 | M18: B09ZQ2QSXS | N18: Fit Geno Back Brace Posture Corrector for Women and Men, Shoulder Straightener, Adjustable Full Back Support, Upper and Lower Back Pain Relief - Scoliosis, Hunchback, Hump, Thoracic, Spine Corrector | O18: 12.16 | P18: 1.49 | Q18: B0CYX49SBT | R18: 2024 NEW instant posture corrector,Posture Corrector for Women and Men,instant posture,Back Straightener Posture, Used for Middle and Upper Spine (XL) | S18: 8.45 | T18: 2.99 | U18: 45395
A19: 136503 | B19: best posture bra | C19: Delimira | E19: Tommie Copper | F19: Apparel | G19: Health & Personal Care | H19: Beauty | I19: B0CT7MVMV3 | J19: DELIMIRA Women's Front Closure Posture Wireless Back Support Full Coverage Bra | K19: 14.51 | L19: 0 | M19: B08QKR1M75 | N19: Bali Women's One Smooth U Posture Boost W/Eversmooth Back Underwire Bra | O19: 7.71 | P19: 0 | Q19: B0CS38J3MR | R19: Hatmeo Posture Correcting Bra, Wmbra Bra Comfortable Full Back Cover Plus Size Bras | S19: 5.44 | T19: 0 | U19: 45395
A20: 137851 | B20: posture bras for women | C20: Delimira | D20: HACI | E20: Bali | F20: Apparel | G20: Health & Personal Care | H20: Sports | I20: B0CT7MVMV3 | J20: DELIMIRA Women's Front Closure Posture Wireless Back Support Full Coverage Bra | K20: 9.84 | L20: 0 | M20: B0CT8LWDT3 | N20: HACI Front Closure Posture Bra Back Support Comfort Unlined Wireless Bras Support Everyday | O20: 7.78 | P20: 0 | Q20: B08QKR1M75 | R20: Bali Women's One Smooth U Posture Boost W/Eversmooth Back Underwire Bra | S20: 6.86 | T20: 0 | U20: 45395
A21: 152021 | B21: vistaro posture corrector | D21: Fit Geno | E21: BITYEYE | F21: Health & Personal Care | G21: Biss | H21: Apparel | I21: B0CZ6NNH6G | J21: Vistaro Posture Corrector for Women and Men, Instant Posture Corrector Adjustable Back Straightener (X-Large (147-191lb)) | K21: 43.86 | L21: 8.93 | M21: B09ZQ2QSXS | N21: Fit Geno Back Brace Posture Corrector for Women and Men, Shoulder Straightener, Adjustable Full Back Support, Upper and Lower Back Pain Relief - Scoliosis, Hunchback, Hump, Thoracic, Spine Corrector | O21: 8.52 | P21: 5.36 | Q21: B0CHNNXLJD | R21: VOKOKOYA Posture Corrector for Women and Men, Adjustable Shoulder Posture Brace, Back Straightener Posture, Used for Middle and Upper Spine | S21: 6.52 | T21: 3.57 | U21: 45395
A22: 158437 | B22: kama sutra posture book english | C22: Inner Traditions | D22: Fair Winds Press | F22: Books | G22: Digital_Ebook_Purchase | H22: Audible | I22: 892811382 | J22: The Complete Illustrated Kama Sutra | K22: 47.14 | L22: 48 | M22: 076039279X | N22: Press Here! Kama Sutra for Beginners: A Couples Guide to Sexual Fulfilment | O22: 25.78 | P22: 14 | Q22: 2487342005 | R22: The Sex Positions Challenge: Break the Routine and Connect with Your Partner | S22: 7.81 | T22: 4 | U22: 45395
A23: 161622 | B23: posture brace for women | C23: Fit Geno | D23: ComfyBrace | E23: JMPOSE | F23: Health & Personal Care | G23: Biss | H23: Apparel | I23: B07ZQPKTVV | J23: ComfyBrace Posture Corrector-Back Brace for Men and Women- Fully Adjustable Straightener for Mid, Upper Spine Support- Neck, Shoulder, Clavicle and Back Pain Relief-Breathable | K23: 16.71 | L23: 6.98 | M23: B09ZQ2QSXS | N23: Fit Geno Back Brace Posture Corrector for Women and Men, Shoulder Straightener, Adjustable Full Back Support, Upper and Lower Back Pain Relief - Scoliosis, Hunchback, Hump, Thoracic, Spine Corrector | O23: 15.65 | P23: 4.65 | Q23: B0BYMMVKZF | R23: JMPOSE Posture Corrector for Women and Men, Breathable Back Brace, Adjustable Posture Corrector for Back, Shoulder and Spine Pain Relief (Small/Medium) | S23: 9.02 | T23: 8.14 | U23: 45395
A24: 170061 | B24: forme science bra posture correcting | C24: Delimira | D24: RUNNING GIRL | E24: Tommie Copper | F24: Apparel | G24: Health & Personal Care | H24: Sports | I24: B0CT7MVMV3 | J24: DELIMIRA Women's Front Closure Posture Wireless Back Support Full Coverage Bra | K24: 9.75 | L24: 0 | M24: B0C6GK7B9X | N24: NLNYCT Posture Corrector For Women, Adjustable Back Brace For Posture, Back Posture Corrector Providing Pain Relief From Lumbar, Neck, Shoulder, And Clavicle, Back (S/M Upper Waist 25-36 Inch) | O24: 7.8 | P24: 0 | Q24: B07X7T9RP4 | R24: RUNNING GIRL Sports Bra for Women, Criss-Cross Back Padded Strappy Sports Bras Medium Support Yoga Bra with Removable Cups A-White | S24: 4.74 | T24: 2.86 | U24: 45395
A25: 174659 | B25: neck posture corrector | C25: RESTCLOUD | D25: HYUNLAI | E25: Ticoni | F25: Health & Personal Care | G25: Home | H25: Sports | I25: B07QSFJ8S2 | J25: RESTCLOUD Neck and Shoulder Relaxer, Cervical Traction Device for TMJ Pain Relief and Cervical Spine Alignment, Chiropractic Pillow Neck Stretcher (Blue) | K25: 13.14 | L25: 8.51 | M25: B0BZYX1MTQ | N25: HYUNLAI Neck Support Neck Stretcher Exerciser Cervical Neck Brace Neck Hump Corrector Trainer Correction for Spine Pressure Neck Pain Relief Improving Forward Neck Posture | O25: 10.29 | P25: 4.26 | Q25: B0BWRHYZWJ | R25: Posture Corrector for Women and Men,Adjustable Upper Back Brace, Breathable Back Support straightener, Providing Pain Relief from Lumbar, Neck, Shoulder, and Clavicle, Back (Black) | S25: 9.71 | T25: 10.64 | U25: 45395
A26: 185053 | B26: back posture correction | C26: Fit Geno | D26: ComfyBrace | E26: JMPOSE | F26: Health & Personal Care | G26: Biss | H26: Apparel | I26: B09ZQ2QSXS | J26: Fit Geno Back Brace Posture Corrector for Women and Men, Shoulder Straightener, Adjustable Full Back Support, Upper and Lower Back Pain Relief - Scoliosis, Hunchback, Hump, Thoracic, Spine Corrector | K26: 20.24 | L26: 13.89 | M26: B07ZQPKTVV | N26: ComfyBrace Posture Corrector-Back Brace for Men and Women- Fully Adjustable Straightener for Mid, Upper Spine Support- Neck, Shoulder, Clavicle and Back Pain Relief-Breathable | O26: 19.34 | P26: 2.78 | Q26: B0BYMMVKZF | R26: JMPOSE Posture Corrector for Women and Men, Breathable Back Brace, Adjustable Posture Corrector for Back, Shoulder and Spine Pain Relief (Small/Medium) | S26: 6.34 | T26: 2.78 | U26: 45395
A27: 190391 | B27: shoulder posture corrector | C27: Ticoni | D27: ComfyBrace | E27: Fit Geno | F27: Health & Personal Care | G27: Biss | H27: Sports | I27: B0BWRHYZWJ | J27: Posture Corrector for Women and Men,Adjustable Upper Back Brace, Breathable Back Support straightener, Providing Pain Relief from Lumbar, Neck, Shoulder, and Clavicle, Back (Black) | K27: 17.08 | L27: 14.46 | M27: B07ZQPKTVV | N27: ComfyBrace Posture Corrector-Back Brace for Men and Women- Fully Adjustable Straightener for Mid, Upper Spine Support- Neck, Shoulder, Clavicle and Back Pain Relief-Breathable | O27: 14.91 | P27: 18.07 | Q27: B09ZQ2QSXS | R27: Fit Geno Back Brace Posture Corrector for Women and Men, Shoulder Straightener, Adjustable Full Back Support, Upper and Lower Back Pain Relief - Scoliosis, Hunchback, Hump, Thoracic, Spine Corrector | S27: 9.32 | T27: 4.82 | U27: 45395
A28: 196122 | B28: hunchback posture corrector | C28: Fit Geno | D28: ComfyBrace | E28: SHAPERKY | F28: Health & Personal Care | G28: Biss | I28: B09ZQ2QSXS | J28: Fit Geno Back Brace Posture Corrector for Women and Men, Shoulder Straightener, Adjustable Full Back Support, Upper and Lower Back Pain Relief - Scoliosis, Hunchback, Hump, Thoracic, Spine Corrector | K28: 13.74 | L28: 7.89 | M28: B07ZQPKTVV | N28: ComfyBrace Posture Corrector-Back Brace for Men and Women- Fully Adjustable Straightener for Mid, Upper Spine Support- Neck, Shoulder, Clavicle and Back Pain Relief-Breathable | O28: 13.42 | P28: 10.53 | Q28: B0BWRHYZWJ | R28: Posture Corrector for Women and Men,Adjustable Upper Back Brace, Breathable Back Support straightener, Providing Pain Relief from Lumbar, Neck, Shoulder, and Clavicle, Back (Black) | S28: 6.71 | T28: 0 | U28: 45395
A29: 216166 | B29: vanto posture correcting bra | C29: vljsfkh | D29: danlein | E29: MSRXUP | F29: Apparel | G29: Health & Personal Care | I29: B0CZP6Y4PS | J29: Vanto Posture Correcting Bra, Zenchic Bra - Seamless Sexy Push up Wireless Bra, Lysine Charm Bra, Women Seamless Sexy Push up Wireless Posture Correcting Bra-Black+Beige||L | K29: 18.25 | L29: 4.88 | M29: B0CZRMDLJ7 | N29: Vanto Posture Correcting Bra, Bloom Miss Bra, Posture Corrector Bra for Women Posture Fix | O29: 10.88 | P29: 0 | Q29: B0CZP8CST6 | R29: Vanto Posture Correcting Bra, Zenchic Bra - Seamless Sexy Push up Wireless Bra, Lysine Charm Bra | S29: 7.37 | T29: 0 | U29: 45395
A30: 221104 | B30: kamasutra posture book english | C30: Inner Traditions | E30: Fair Winds Press | F30: Books | G30: Digital_Ebook_Purchase | H30: Audible | I30: 892811382 | J30: The Complete Illustrated Kama Sutra | K30: 30.82 | L30: 27.27 | M30: 076039279X | N30: Press Here! Kama Sutra for Beginners: A Couples Guide to Sexual Fulfilment | O30: 17.56 | P30: 4.55 | Q30: 2487342005 | R30: The Sex Positions Challenge: Break the Routine and Connect with Your Partner | S30: 9.32 | T30: 9.09 | U30: 45395
A31: 227083 | B31: posture correcting bra | C31: Delimira | E31: Bali | F31: Apparel | G31: Health & Personal Care | H31: Furniture | I31: B0CT7MVMV3 | J31: DELIMIRA Women's Front Closure Posture Wireless Back Support Full Coverage Bra | K31: 13.97 | L31: 0 | M31: B0CS38J3MR | N31: Hatmeo Posture Correcting Bra, Wmbra Bra Comfortable Full Back Cover Plus Size Bras | O31: 5.15 | P31: 0 | Q31: B08QKR1M75 | R31: Bali Women's One Smooth U Posture Boost W/Eversmooth Back Underwire Bra | S31: 4.78 | T31: 0 | U31: 45395
A32: 230552 | B32: back support bras for women posture | C32: Delimira | D32: newlashua | E32: DotVol | F32: Apparel | G32: Health & Personal Care | H32: Furniture | I32: B0CT7MVMV3 | J32: DELIMIRA Women's Front Closure Posture Wireless Back Support Full Coverage Bra | K32: 7.09 | L32: 0 | M32: B0C6GK7B9X | N32: NLNYCT Posture Corrector For Women, Adjustable Back Brace For Posture, Back Posture Corrector Providing Pain Relief From Lumbar, Neck, Shoulder, And Clavicle, Back (S/M Upper Waist 25-36 Inch) | O32: 6.72 | P32: 0 | Q32: B0CW33TPRS | R32: IROCUE Women's Front Closure Posture Corrector Bra Wireless Back Support Bras for Women Comfy Unlined with Nipple Covers | S32: 5.6 | T32: 0 | U32: 45395
A33: 242925 | B33: hydrolabs posture fix | C33: BITYEYE | D33: Fit Geno | F33: Health & Personal Care | G33: Sports | H33: Home | I33: B0CXCVKRCP | J33: BITYEYE Instant Posture Corrector,2024 New Back Straightener Posture Corrector,Instant Posture Corrector Adjustable Back Straightener (1PCS-M) | K33: 29.02 | L33: 4.35 | M33: B09ZQ2QSXS | N33: Fit Geno Back Brace Posture Corrector for Women and Men, Shoulder Straightener, Adjustable Full Back Support, Upper and Lower Back Pain Relief - Scoliosis, Hunchback, Hump, Thoracic, Spine Corrector | O33: 13.33 | P33: 17.39 | Q33: B0CYX6TV6H | R33: 2024 NEW instant posture corrector,Posture Corrector for Women and Men,instant posture,Back Straightener Posture, Used for Middle and Upper Spine (S) | S33: 6.67 | T33: 0 | U33: 45395
A34: 242925 | B34: instant posture corrector for men | D34: VOKOKOYA | E34: Fit Geno | F34: Health & Personal Care | G34: Biss | I34: B0C5BQ2WCS | J34: VOKOKOYA Posture Corrector for Women and Men, Adjustable Shoulder Posture Brace, Back Straightener Posture, Used for Middle and Upper Spine | K34: 17.65 | L34: 8.7 | M34: B0CYX6TV6H | N34: 2024 NEW instant posture corrector,Posture Corrector for Women and Men,instant posture,Back Straightener Posture, Used for Middle and Upper Spine (S) | O34: 12.55 | P34: 4.35 | Q34: B09ZQ2QSXS | R34: Fit Geno Back Brace Posture Corrector for Women and Men, Shoulder Straightener, Adjustable Full Back Support, Upper and Lower Back Pain Relief - Scoliosis, Hunchback, Hump, Thoracic, Spine Corrector | S34: 10.2 | T34: 6.52 | U34: 45395
A35: 245830 | B35: posture board | C35: Posture Guy Mike | D35: MUCITAGF | E35: STNFAREBI | F35: Sports | G35: Health & Personal Care | H35: Home | I35: B0B8DVKZLN | J35: Posture Guy Mike Posture Board Slant Board Professional Adjustable Wooden Incline Board Intended for Egoscue, Posture Exercises, Stretching, Workouts, Balance, Flexibility, Calf Stretcher | K35: 32.14 | L35: 13.64 | M35: B095K9ZGY5 | N35: MUCITAGF Professional Slant Board, Adjustable Incline Board and Calf Stretcher, Slant Board for Calf Stretching, Calf Stretch Board | O35: 28.97 | P35: 31.82 | Q35: B0BKWJMCSR | R35: Professional Wooden Slant Board, Calf Stretcher Slant Board, Adjustable Incline Board and Calf Stretcher,Slant Board for Calf Stretching | S35: 4.76 | T35: 4.55 | U35: 45395
A36: 249879 | B36: posture corrector bra for women | C36: Delimira | E36: DotVol | F36: Apparel | G36: Health & Personal Care | H36: Beauty | I36: B0CT7MVMV3 | J36: DELIMIRA Women's Front Closure Posture Wireless Back Support Full Coverage Bra | K36: 15.73 | L36: 0 | M36: B08QKR1M75 | N36: Bali Women's One Smooth U Posture Boost W/Eversmooth Back Underwire Bra | O36: 5.24 | P36: 0 | Q36: B0CW33TPRS | R36: IROCUE Women's Front Closure Posture Corrector Bra Wireless Back Support Bras for Women Comfy Unlined with Nipple Covers | S36: 5.24 | T36: 0 | U36: 45395
A37: 249879 | B37: posture pump | C37: POSTURE PUMP | D37: AllSett Health | E37: ECOGUN | F37: Health & Personal Care | G37: Home | I37: B00SA5IPK4 | J37: Posture Pump® Neck Exercising Dual Cervical Spine Disc Hydrator® Pump | Relieves Neck & Upper Back Pain Stiffness | Neck Shoulder Pain Relief Posture Control (Dual Air Cell Model 1400-D) | K37: 31.85 | L37: 17.24 | M37: B07GDZQ9SR | N37: AllSett Health Posture Neck Exercising Cervical Spine Hydrator Pump || Relief for Stiffness, Relieves Neck Pain | O37: 18.15 | P37: 20.69 | Q37: B01N5OGBMW | R37: Posture Pump® Dual Deluxe Neck & Back Exercising Cervical Spine Hydrator Pump | Relieves Neck, Upper Back, & Low Back Pain Stiffness | Tech Neck Relief Posture Control (Dual Full Spine Model 4100-D) | S37: 14.52 | T37: 0 | U37: 45395
A38: 284333 | B38: back posture corrector | C38: Fit Geno | D38: ComfyBrace | E38: Ticoni | F38: Health & Personal Care | G38: Biss | H38: Home | I38: B07ZQPKTVV | J38: ComfyBrace Posture Corrector-Back Brace for Men and Women- Fully Adjustable Straightener for Mid, Upper Spine Support- Neck, Shoulder, Clavicle and Back Pain Relief-Breathable | K38: 10.96 | L38: 11.63 | M38: B09ZQ192L3 | N38: Fit Geno Posture Corrector for Women and Men - Adjustable Back Brace & Straightener for Scoliosis, Hunchback Correction, Back Pain, Spine Corrector, Back Support and Posture Trainer | O38: 9.13 | P38: 2.33 | Q38: B0BWRHYZWJ | R38: Posture Corrector for Women and Men,Adjustable Upper Back Brace, Breathable Back Support straightener, Providing Pain Relief from Lumbar, Neck, Shoulder, and Clavicle, Back (Black) | S38: 8.68 | T38: 6.98 | U38: 45395
A39: 292495 | B39: back posture brace | C39: Fit Geno | D39: ComfyBrace | E39: SHAPERKY | F39: Health & Personal Care | G39: Biss | H39: Home | I39: B09ZQ2QSXS | J39: Fit Geno Back Brace Posture Corrector for Women and Men, Shoulder Straightener, Adjustable Full Back Support, Upper and Lower Back Pain Relief - Scoliosis, Hunchback, Hump, Thoracic, Spine Corrector | K39: 18.78 | L39: 8.82 | M39: B07ZQPKTVV | N39: ComfyBrace Posture Corrector-Back Brace for Men and Women- Fully Adjustable Straightener for Mid, Upper Spine Support- Neck, Shoulder, Clavicle and Back Pain Relief-Breathable | O39: 17.37 | P39: 14.71 | Q39: B0CN77K249 | R39: Posture Corrector for Women, Back Brace for Men, Adjustable Posture Corrector, Shoulder Brace, Back Posture Corrector Women, Back Pain Relief, Posture Brace, Back Straightener, Upper Back Support | S39: 6.1 | T39: 2.94 | U39: 45395
A40: 292495 | B40: posture corrector for shoulders | C40: Fit Geno | D40: ComfyBrace | E40: Fitsupport | F40: Health & Personal Care | G40: Biss | H40: Apparel | I40: B07ZQPKTVV | J40: ComfyBrace Posture Corrector-Back Brace for Men and Women- Fully Adjustable Straightener for Mid, Upper Spine Support- Neck, Shoulder, Clavicle and Back Pain Relief-Breathable | K40: 16.9 | L40: 20.69 | M40: B09ZQ2QSXS | N40: Fit Geno Back Brace Posture Corrector for Women and Men, Shoulder Straightener, Adjustable Full Back Support, Upper and Lower Back Pain Relief - Scoliosis, Hunchback, Hump, Thoracic, Spine Corrector | O40: 15.49 | P40: 6.9 | Q40: B0BWRHYZWJ | R40: Posture Corrector for Women and Men,Adjustable Upper Back Brace, Breathable Back Support straightener, Providing Pain Relief from Lumbar, Neck, Shoulder, and Clavicle, Back (Black) | S40: 8.45 | T40: 13.79 | U40: 45395
A41: 299833 | B41: gfouk menionic tourmaline posture corrector vest | C41: ASSOYEZ | D41: Vinowg | F41: Health & Personal Care | G41: Apparel | H41: Sports | I41: B0CKZ23W5L | J41: Vinowg Menionic Tourmaline Posturecorrector Vest, 3pc Ionic Shaping Sleeveless Shirt, Back Posture Corrector, Gynecomastia Compression Shirts for Men (3 Colors A,L) | K41: 22.6 | L41: 2.94 | M41: B0CJ6PJG54 | N41: ASSOYEZ MENIONIC Tourmaline Posture Corrector Vest, Ionic Shaping Sleeveless Shirt, ENERGXCEL Ionic Shaping Vest for Men | O41: 12.02 | P41: 0 | Q41: B0CKVNRCNW | R41: RUOQI Biowang Ionic Shaping Sleeveless Shirt Tight, 2023 New Ionic Shaping Sleeveless Shirt, Energxcel Ionic Shaping Vest Men (Black,L) | S41: 11.06 | T41: 2.94 | U41: 45395
A42: 327151 | B42: forme bra posture correcting sports bra | C42: Delimira | D42: THE GYM PEOPLE | E42: Tommie Copper | F42: Apparel | G42: Health & Personal Care | H42: Sports | I42: B0CT7MVMV3 | J42: DELIMIRA Women's Front Closure Posture Wireless Back Support Full Coverage Bra | K42: 11.52 | L42: 0 | M42: B0BRTKFQCD | N42: Tommie Copper Shoulder Support Bra, Posture Corrector Bra for Women, Bra with Back Support, Posture Bra and Compression Bra for Women, Back and Shoulder Support Bra, White M | O42: 6.81 | P42: 0 | Q42: B094GRHSQ4 | R42: Women’s Longline Sports Bra Wirefree Padded Medium Support Yoga Bras Gym Running Workout Tank Tops (Jasmine Green, Medium, m) | S42: 5.76 | T42: 0 | U42: 45395
A43: 336122 | B43: neck brace for posture | C43: HYUNLAI | D43: Cozyhealth | E43: BLABOK | F43: Health & Personal Care | G43: Home | H43: Biss | I43: B0BZYX1MTQ | J43: HYUNLAI Neck Support Neck Stretcher Exerciser Cervical Neck Brace Neck Hump Corrector Trainer Correction for Spine Pressure Neck Pain Relief Improving Forward Neck Posture | K43: 14.52 | L43: 5.71 | M43: B09J4BZTML | N43: Soft Foam Neck Brace Universal Cervical Collar, Adjustable Support Brace for Sleeping - Relieves Pain and Spine Pressure, Neck Collar After Whiplash or Injury (Black, 3" Depth, M) | O43: 11.29 | P43: 8.57 | Q43: B0C6SWK5YJ | R43: BLABOK Neck Brace for Sleeping - Cervical Collar Relief Neck Pain and Neck Support Soft Foam Wraps Keep Vertebrae Stable for Relief of Cervical Spine Pressure for Women & Men Blue(12.6-15.8 inch) | S43: 6.45 | T43: 8.57 | U43: 45395
A44: 339926 | B44: posture flex ab roller | D44: Tixahi | E44: Uota | F44: Sports | I44: B0CH3LQK1W | J44: 2023 Ab Roller Wheel with Knee Mat & Timer - Automatic Rebound Abdominal Roller with Elbow Support - Abs Workout Equipment for Women and Men | K44: 40.22 | L44: 27.27 | M44: B0CNCFKYB8 | N44: Tixahi Ab Roller Wheel，with Timer Automatic Rebound Abdominal Wheel，Elbow Support Abs Roller Wheel Core Exercise Equipment (Black) | O44: 27.72 | P44: 16.36 | Q44: B0CK29WHQR | R44: Uota Elbow Support Automatic Rebound Abdominal Wheel，Ab Roller for Abdominal Exercise Machine，Abs Workout Equipment，Dolly Core Strengthening Trainer Fitness Belly Training | S44: 13.59 | T44: 7.27 | U44: 45395
A45: 343754 | B45: fit geno back brace and posture corrector for women | C45: Fit Geno | D45: Selbite | E45: SHAPERKY | F45: Health & Personal Care | G45: Biss | H45: Home Improvement | I45: B09ZQ2QSXS | J45: Fit Geno Back Brace Posture Corrector for Women and Men, Shoulder Straightener, Adjustable Full Back Support, Upper and Lower Back Pain Relief - Scoliosis, Hunchback, Hump, Thoracic, Spine Corrector | K45: 51.1 | L45: 31.17 | M45: B0BHF1DT5N | N45: Fit Geno Back Brace Posture Corrector for Women: Shoulder Straightener Adjustable Full Back Support Upper and Lower Back Pain Relief - Scoliosis Hunchback Hump Thoracic Spine Corrector Pink Medium | O45: 26.37 | P45: 20.78 | Q45: B0CSQPL5BQ | R45: Fit Geno Back Brace Support for Lower Back Pain: Designed for Women & Men - Provides Lumbar Support for Herniated Discs, Heavy Lifting - Breathable and Dual Adjustable, Medium | S45: 2.75 | T45: 1.3 | U45: 45395
A46: 366371 | B46: mens posture corrector | C46: Copper Compression | D46: SHAPERKY | E46: Selbite | F46: Health & Personal Care | G46: Biss | H46: Sports | I46: B07M7RQCQ5 | J46: Copper Compression Posture Corrector for Men & Women - Adjustable Copper Infused Orthopedic Brace for Pain Relief from Bad Posture, Slumping - Targets Upper Back, Shoulders, Neck, Clavicle | K46: 16.37 | L46: 7.14 | M46: B0B63KDFK7 | N46: Posture Corrector for Men and Women, Adjustable Upper Back Brace, Muscle Memory Support Straightener, Providing Pain Relief from Neck, Shoulder, and Upper and Lower Back, Small/Medium(27''-39'') | O46: 11.7 | P46: 2.38 | Q46: B099WTPXN5 | R46: Back Brace Posture Corrector for Men and Women - Adjustable Posture Back Brace for Upper and Lower Back Pain Relief - Muscle Memory Support Straightener (Large) | S46: 9.94 | T46: 7.14 | U46: 45395
A47: 375487 | B47: top rated posture corrector | C47: Fit Geno | D47: ComfyBrace | E47: SHAPERKY | F47: Health & Personal Care | G47: Biss | H47: Apparel | I47: B07ZQPKTVV | J47: ComfyBrace Posture Corrector-Back Brace for Men and Women- Fully Adjustable Straightener for Mid, Upper Spine Support- Neck, Shoulder, Clavicle and Back Pain Relief-Breathable | K47: 13.17 | L47: 18.18 | M47: B09ZQ192L3 | N47: Fit Geno Posture Corrector for Women and Men - Adjustable Back Brace & Straightener for Scoliosis, Hunchback Correction, Back Pain, Spine Corrector, Back Support and Posture Trainer | O47: 10.18 | P47: 9.09 | Q47: B0B63LDVDD | R47: Posture Corrector for Men and Women, Adjustable Upper Back Brace, Muscle Memory Support Straightener, Providing Pain Relief from Neck, Shoulder, and Upper and Lower Back, Large-X Large(37''-47'') | S47: 7.19 | T47: 6.06 | U47: 45395
A48: 380137 | B48: core corex instant posture corrector | D48: Super Ergonomic | E48: Fit Geno | F48: Health & Personal Care | G48: Biss | I48: B0CVX3BCDQ | J48: Corecorex™ Instant Posture Corrector Adjustable Back Straightener for Men and Women Relieves Neck, Shoulder and Back Pain Provides Support (X-Large(147-191lb)) | K48: 18.79 | L48: 7.41 | M48: B09ZQ2QSXS | N48: Fit Geno Back Brace Posture Corrector for Women and Men, Shoulder Straightener, Adjustable Full Back Support, Upper and Lower Back Pain Relief - Scoliosis, Hunchback, Hump, Thoracic, Spine Corrector | O48: 10.91 | P48: 0 | Q48: B0CYX6TV6H | R48: 2024 NEW instant posture corrector,Posture Corrector for Women and Men,instant posture,Back Straightener Posture, Used for Middle and Upper Spine (S) | S48: 8.48 | T48: 0 | U48: 45395
A49: 389573 | B49: instant posture corrector women | D49: BITYEYE | E49: Fit Geno | F49: Health & Personal Care | I49: B0CSN3YZB9 | J49: Instant Posture Corrector for Women, 2024 New Back Straightener Posture Corrector, Instant Posture Corrector, Posture Corrector for Women (1Pcs, Large) | K49: 13.66 | L49: 9.68 | M49: B0CXCS2JT7 | N49: BITYEYE Instant Posture Corrector,2024 New Back Straightener Posture Corrector,Instant Posture Corrector Adjustable Back Straightener (1PCS-3XL) | O49: 9.94 | P49: 0 | Q49: B0BHF1DT5N | R49: Fit Geno Back Brace Posture Corrector for Women: Shoulder Straightener Adjustable Full Back Support Upper and Lower Back Pain Relief - Scoliosis Hunchback Hump Thoracic Spine Corrector Pink Medium | S49: 9.32 | T49: 6.45 | U49: 45395
A50: 392121 | B50: posture brace for men | C50: Copper Compression | D50: Fit Geno | E50: ComfyBrace | F50: Health & Personal Care | G50: Biss | H50: Apparel | I50: B07M7RQCQ5 | J50: Copper Compression Posture Corrector for Men & Women - Adjustable Copper Infused Orthopedic Brace for Pain Relief from Bad Posture, Slumping - Targets Upper Back, Shoulders, Neck, Clavicle | K50: 19.38 | L50: 7.14 | M50: B09ZQ2QSXS | N50: Fit Geno Back Brace Posture Corrector for Women and Men, Shoulder Straightener, Adjustable Full Back Support, Upper and Lower Back Pain Relief - Scoliosis, Hunchback, Hump, Thoracic, Spine Corrector | O50: 15 | P50: 2.38 | Q50: B07ZQPKTVV | R50: ComfyBrace Posture Corrector-Back Brace for Men and Women- Fully Adjustable Straightener for Mid, Upper Spine Support- Neck, Shoulder, Clavicle and Back Pain Relief-Breathable | S50: 9.38 | T50: 7.14 | U50: 45395
A51: 399663 | B51: best chair for posture | C51: Winrise | D51: Mimoglad | E51: SIHOO | F51: Furniture | G51: Health & Personal Care | H51: Home | I51: B0C4GRM8HS | J51: Winrise Office Chair Ergonomic Desk Chair, High Back Gaming Chair, Big and Tall Reclining Comfy Home Office Chair Lumbar Support Breathable Mesh Computer Chair Adjustable Armrests (Black) | K51: 8.28 | L51: 0 | M51: B07GNDDNMW | N51: SIHOO M18 Ergonomic Office Chair for Big and Tall People Adjustable Headrest with 2D Armrest Lumbar Support and PU Wheels Swivel Tilt Function Black | O51: 5.73 | P51: 9.09 | Q51: B09JWFHX3Z | R51: Office Chair, Ergonomic Desk Chair with Adjustable Lumbar Support, High Back Mesh Computer Chair with Flip-up Armrests-BIFMA Passed Task Chairs, Executive Chair for Home Office | S51: 5.73 | T51: 9.09 | U51: 45395
A52: 404780 | B52: posture support | C52: Ticoni | D52: Fit Geno | E52: ComfyBrace | F52: Health & Personal Care | G52: Biss | H52: Apparel | I52: B0BWRHYZWJ | J52: Posture Corrector for Women and Men,Adjustable Upper Back Brace, Breathable Back Support straightener, Providing Pain Relief from Lumbar, Neck, Shoulder, and Clavicle, Back (Black) | K52: 16.77 | L52: 12.12 | M52: B07ZQPKTVV | N52: ComfyBrace Posture Corrector-Back Brace for Men and Women- Fully Adjustable Straightener for Mid, Upper Spine Support- Neck, Shoulder, Clavicle and Back Pain Relief-Breathable | O52: 10.32 | P52: 12.12 | Q52: B09ZQ192L3 | R52: Fit Geno Posture Corrector for Women and Men - Adjustable Back Brace & Straightener for Scoliosis, Hunchback Correction, Back Pain, Spine Corrector, Back Support and Posture Trainer | S52: 7.1 | T52: 3.03 | U52: 45395
A53: 410134 | B53: posture chair | C53: Ecordesk | D53: NYPOT | E53: DRAGONN | F53: Furniture | G53: Home | H53: Sports | I53: B09TR668V5 | J53: Ergonomic Kneeling Chair - Rocking Office Chair Adjustable Stool - Knee Chair Posture Chair - Wooden Desk Chair, Ergonomic Chair for Home Office, Office Chair for Back Pain (Grey) | K53: 9.15 | L53: 0 | M53: B073ZN7B52 | N53: Ergonomic Kneeling Chair, Adjustable Stool for Home and Office - Improve Your Posture with an Angled Seat - Thick Comfortable Moulded Foam Cushions - Brake Casters | O53: 7.19 | P53: 0 | Q53: B07ZQYM15Q | R53: Kneeling Chair Ergonomic for Office, Adjustable Stool for Home and Office - Improve Your Posture with an Angled Seat - Thick Moulded Foam Cushions - Brake and Smooth Gliding Casters | S53: 5.88 | T53: 0 | U53: 45395
A54: 412803 | B54: posture corrector for women bras | C54: Delimira | E54: Bali | F54: Apparel | G54: Health & Personal Care | H54: Home | I54: B0CT7MVMV3 | J54: DELIMIRA Women's Front Closure Posture Wireless Back Support Full Coverage Bra | K54: 14.47 | L54: 0 | M54: B08QKR1M75 | N54: Bali Women's One Smooth U Posture Boost W/Eversmooth Back Underwire Bra | O54: 7.24 | P54: 0 | Q54: B0BYMMVKZF | R54: JMPOSE Posture Corrector for Women and Men, Breathable Back Brace, Adjustable Posture Corrector for Back, Shoulder and Spine Pain Relief (Small/Medium) | S54: 5.26 | T54: 0 | U54: 45395
A55: 412803 | B55: posture corrector for women plus size | C55: Fit Geno | D55: FILLOVE | E55: Ursexyly | F55: Health & Personal Care | G55: Biss | H55: Sports | I55: B09ZQ2QSXS | J55: Fit Geno Back Brace Posture Corrector for Women and Men, Shoulder Straightener, Adjustable Full Back Support, Upper and Lower Back Pain Relief - Scoliosis, Hunchback, Hump, Thoracic, Spine Corrector | K55: 18.42 | L55: 6.9 | M55: B0B9NHPYF5 | N55: FILLOVE Posture Corrector for Women and Men with Magnetic Therapy Back Support, Strong Traction & Fully Adjustable Upper Back Brace Back Straightener for Neck, Clavicle, Spine and Shoulder Pain Relief | O55: 11.18 | P55: 3.45 | Q55: B0C5MXHLM6 | R55: FILLOVE Posture Corrector for Women and Men with Magnetic Therapy Back Support, Strong Traction & Fully Adjustable Upper Back Brace Back Straightener for Neck, Clavicle, Spine and Shoulder Pain | S55: 9.87 | T55: 0 | U55: 45395
A56: 418386 | B56: advanced posture corrector | C56: VOKOKOYA | D56: BITYEYE | E56: sgmedila | F56: Health & Personal Care | G56: Biss | I56: B0CHNNXLJD | J56: VOKOKOYA Posture Corrector for Women and Men, Adjustable Shoulder Posture Brace, Back Straightener Posture, Used for Middle and Upper Spine | K56: 37.33 | L56: 8.33 | M56: B0CW35J1PW | N56: Instant Adjustable Back Straightener For Men And Women Neck Shoulder And Back,Back Support and Posture Trainer (Black, Medium) | O56: 10.67 | P56: 4.17 | Q56: B0CXD5GPXW | R56: BITYEYE Instant Posture Corrector,2024 New Back Straightener Posture Corrector,Instant Posture Corrector Adjustable Back Straightener (1PCS-S) | S56: 8.67 | T56: 0 | U56: 45395
A57: 418386 | B57: shoulder brace for posture | C57: ComfyBrace | D57: Monta Health | E57: Copper Compression | F57: Health & Personal Care | G57: Biss | H57: Sports | I57: B07ZQPKTVV | J57: ComfyBrace Posture Corrector-Back Brace for Men and Women- Fully Adjustable Straightener for Mid, Upper Spine Support- Neck, Shoulder, Clavicle and Back Pain Relief-Breathable | K57: 18 | L57: 0 | M57: B0CHJP6M21 | N57: Monta Health Ultimate Posture Corrector: Breathable, Comfortable Back and Shoulder Brace for Men and Women - Discreet Under-Clothes Design for Improved Posture and Neck Support | O57: 11.33 | P57: 7.32 | Q57: B09ZQ2QSXS | R57: Fit Geno Back Brace Posture Corrector for Women and Men, Shoulder Straightener, Adjustable Full Back Support, Upper and Lower Back Pain Relief - Scoliosis, Hunchback, Hump, Thoracic, Spine Corrector | S57: 8.67 | T57: 4.88 | U57: 45395
A58: 421249 | B58: axzenia posture corrector for women | C58: VOKOKOYA | D58: Fit Geno | F58: Health & Personal Care | G58: Apparel | H58: Biss | I58: B0C5BQ2WCS | J58: VOKOKOYA Posture Corrector for Women and Men, Adjustable Shoulder Posture Brace, Back Straightener Posture, Used for Middle and Upper Spine | K58: 38.93 | L58: 21.43 | M58: B09ZQ2QSXS | N58: Fit Geno Back Brace Posture Corrector for Women and Men, Shoulder Straightener, Adjustable Full Back Support, Upper and Lower Back Pain Relief - Scoliosis, Hunchback, Hump, Thoracic, Spine Corrector | O58: 14.09 | P58: 14.29 | Q58: B0BHF1DT5N | R58: Fit Geno Back Brace Posture Corrector for Women: Shoulder Straightener Adjustable Full Back Support Upper and Lower Back Pain Relief - Scoliosis Hunchback Hump Thoracic Spine Corrector Pink Medium | S58: 9.4 | T58: 0 | U58: 45395
A59: 424136 | B59: vistaro instant posture corrector | D59: BITYEYE | E59: Fit Geno | F59: Health & Personal Care | G59: Biss | I59: B0CZ6NNH6G | J59: Vistaro Posture Corrector for Women and Men, Instant Posture Corrector Adjustable Back Straightener (X-Large (147-191lb)) | K59: 33.78 | L59: 22.73 | M59: B0CXD4PH2H | N59: BITYEYE Instant Posture Corrector,2024 New Back Straightener Posture Corrector,Instant Posture Corrector Adjustable Back Straightener (1PCS-XXL) | O59: 10.14 | P59: 4.55 | Q59: B09ZQ2QSXS | R59: Fit Geno Back Brace Posture Corrector for Women and Men, Shoulder Straightener, Adjustable Full Back Support, Upper and Lower Back Pain Relief - Scoliosis, Hunchback, Hump, Thoracic, Spine Corrector | S59: 6.76 | T59: 0 | U59: 45395
A60: 433075 | B60: lumino curvex posture corrector pro | C60: Super Ergonomic | D60: BraceTop | E60: Fitsupport | F60: Health & Personal Care | G60: Biss | I60: B0CVX3BCDQ | J60: Corecorex™ Instant Posture Corrector Adjustable Back Straightener for Men and Women Relieves Neck, Shoulder and Back Pain Provides Support (X-Large(147-191lb)) | K60: 42.76 | L60: 8.33 | M60: B0C1BTPHZJ | N60: Upgraded Posture Corrector Back Brace for Men and Women, New Version Lumbar Support for Posture Improving and Pain Relief, Full Back Support for Neck, Shoulder, Waist Pain | O60: 9.66 | P60: 0 | Q60: B07SQZD4XM | R60: Mercase Posture Corrector for Men and Women, Posture Brace for Back,Shoulders,Hunchback Scoliosis Correction, Adjustable and Comfortable, Large(32-39 inches) | S60: 5.52 | T60: 0 | U60: 45395
A61: 448781 | B61: forward neck posture corrector | C61: RESTCLOUD | D61: HYUNLAI | E61: Fit Geno | F61: Health & Personal Care | G61: Sports | H61: Home | I61: B07QSFJ8S2 | J61: RESTCLOUD Neck and Shoulder Relaxer, Cervical Traction Device for TMJ Pain Relief and Cervical Spine Alignment, Chiropractic Pillow Neck Stretcher (Blue) | K61: 12.86 | L61: 4.76 | M61: B0BZYX1MTQ | N61: HYUNLAI Neck Support Neck Stretcher Exerciser Cervical Neck Brace Neck Hump Corrector Trainer Correction for Spine Pressure Neck Pain Relief Improving Forward Neck Posture | O61: 10 | P61: 0 | Q61: B09ZQ2QSXS | R61: Fit Geno Back Brace Posture Corrector for Women and Men, Shoulder Straightener, Adjustable Full Back Support, Upper and Lower Back Pain Relief - Scoliosis, Hunchback, Hump, Thoracic, Spine Corrector | S61: 7.86 | T61: 0 | U61: 45395
A62: 455290 | B62: back straps for posture | C62: ComfyBrace | D62: Fit Geno | E62: SHAPERKY | F62: Health & Personal Care | G62: Biss | H62: Apparel | I62: B07ZQPKTVV | J62: ComfyBrace Posture Corrector-Back Brace for Men and Women- Fully Adjustable Straightener for Mid, Upper Spine Support- Neck, Shoulder, Clavicle and Back Pain Relief-Breathable | K62: 21.74 | L62: 17.24 | M62: B09ZQ2QSXS | N62: Fit Geno Back Brace Posture Corrector for Women and Men, Shoulder Straightener, Adjustable Full Back Support, Upper and Lower Back Pain Relief - Scoliosis, Hunchback, Hump, Thoracic, Spine Corrector | O62: 12.32 | P62: 0 | Q62: B0BWRHYZWJ | R62: Posture Corrector for Women and Men,Adjustable Upper Back Brace, Breathable Back Support straightener, Providing Pain Relief from Lumbar, Neck, Shoulder, and Clavicle, Back (Black) | S62: 5.8 | T62: 3.45 | U62: 45395
A63: 476408 | B63: braces for back posture | C63: Fit Geno | D63: ComfyBrace | E63: SHAPERKY | F63: Health & Personal Care | G63: Biss | I63: B09ZQ2QSXS | J63: Fit Geno Back Brace Posture Corrector for Women and Men, Shoulder Straightener, Adjustable Full Back Support, Upper and Lower Back Pain Relief - Scoliosis, Hunchback, Hump, Thoracic, Spine Corrector | K63: 23.48 | L63: 13.04 | M63: B07ZQPKTVV | N63: ComfyBrace Posture Corrector-Back Brace for Men and Women- Fully Adjustable Straightener for Mid, Upper Spine Support- Neck, Shoulder, Clavicle and Back Pain Relief-Breathable | O63: 9.09 | P63: 4.35 | Q63: B077926JWG | R63: DIANMEI Posture Corrector for Women and Men, Brace for Upper and Lower Back Pain Relief, Adjustable and Fully Back Support Improve Back Posture and Lumbar Support(M, 30"-35.5" Waist) | S63: 6.06 | T63: 4.35 | U63: 45395
A64: 487340 | B64: correct back posture | C64: ComfyBrace | D64: Fit Geno | E64: Upright GO | F64: Health & Personal Care | G64: Biss | H64: Apparel | I64: B07ZQPKTVV | J64: ComfyBrace Posture Corrector-Back Brace for Men and Women- Fully Adjustable Straightener for Mid, Upper Spine Support- Neck, Shoulder, Clavicle and Back Pain Relief-Breathable | K64: 27.91 | L64: 33.33 | M64: B09ZQ2QSXS | N64: Fit Geno Back Brace Posture Corrector for Women and Men, Shoulder Straightener, Adjustable Full Back Support, Upper and Lower Back Pain Relief - Scoliosis, Hunchback, Hump, Thoracic, Spine Corrector | O64: 13.18 | P64: 0 | Q64: B07SRW2D38 | R64: Upright GO 2 Premium | Posture Corrector Trainer & Tracker for Women & Men with Smart App | S64: 8.53 | T64: 0 | U64: 45395
A65: 487340 | B65: straight back posture corrector | C65: ComfyBrace | D65: Fit Geno | E65: DIANMEI | F65: Health & Personal Care | G65: Biss | H65: Apparel | I65: B07ZQPKTVV | J65: ComfyBrace Posture Corrector-Back Brace for Men and Women- Fully Adjustable Straightener for Mid, Upper Spine Support- Neck, Shoulder, Clavicle and Back Pain Relief-Breathable | K65: 17.83 | L65: 22.73 | M65: B09ZQ2QSXS | N65: Fit Geno Back Brace Posture Corrector for Women and Men, Shoulder Straightener, Adjustable Full Back Support, Upper and Lower Back Pain Relief - Scoliosis, Hunchback, Hump, Thoracic, Spine Corrector | O65: 13.95 | P65: 9.09 | Q65: B077926JWG | R65: DIANMEI Posture Corrector for Women and Men, Brace for Upper and Lower Back Pain Relief, Adjustable and Fully Back Support Improve Back Posture and Lumbar Support(M, 30"-35.5" Waist) | S65: 7.75 | T65: 0 | U65: 45395
A66: 495156 | B66: posture pillow | C66: DONAMA | D66: RESTCLOUD | E66: Osteo | F66: Home | G66: Health & Personal Care | H66: Office Products | I66: B09S5TZH5N | J66: DONAMA Cervical Pillow for Neck and Shoulder,Contour Memory Foam Pillow,Ergonomic Neck Support Pillow for Side Back Stomach Sleepers with Pillowcase | K66: 18.11 | L66: 9.52 | M66: B094MQVXMB | N66: RESTCLOUD Neck and Shoulder Relaxer, Cervical Traction Device for TMJ Pain Relief and Cervical Spine Alignment, Chiropractic Pillow, Neck Stretcher (Black) | O66: 11.81 | P66: 9.52 | Q66: B09964WTF5 | R66: Osteo Cervical Pillow for Neck Pain Relief, Hollow Design Odorless Memory Foam Pillows with Cooling Case, Adjustable Orthopedic Bed Pillow for Sleeping, Contour Support for Side Back Sleepers | S66: 9.45 | T66: 4.76 | U66: 45395
A67: 499018 | B67: posture corrector for kids | C67: Lexniush | D67: Yosoo Health Gear | E67: Aaiffey | F67: Health & Personal Care | G67: Home | H67: Sports | I67: B096Z6GCR6 | J67: Lexniush Professional Posture Corrector for Kids and Teens, Updated Upper Back Posture Brace for Teenagers Boys Girls Spinal Support to Improve Slouch, Prevent Humpback, Back Pain Relief | K67: 24.6 | L67: 2.78 | M67: B07PHNNTFS | N67: Posture Corrector for Kids, Upper Back Posture Brace for Teenagers Back Straightener Support Under Clothes Spinal Support to Improve Slouch, Prevent Humpback, Relieve Back Pain | O67: 15.08 | P67: 2.78 | Q67: B0BJPD2QSK | R67: Flylin Posture Corrector for Kids Adjustable Back Straighter with Shoulder Pads Upper Back Posture Brace for Teenagers to Provide Spinal Support Improve Posture and Prevent Slouching (S) | S67: 10.32 | T67: 11.11 | U67: 45395
A68: 511187 | B68: posture correction | C68: ComfyBrace | D68: Fit Geno | E68: Fitsupport | F68: Health & Personal Care | G68: Biss | H68: Sports | I68: B07ZQPKTVV | J68: ComfyBrace Posture Corrector-Back Brace for Men and Women- Fully Adjustable Straightener for Mid, Upper Spine Support- Neck, Shoulder, Clavicle and Back Pain Relief-Breathable | K68: 15.45 | L68: 12.9 | M68: B09ZQ2QSXS | N68: Fit Geno Back Brace Posture Corrector for Women and Men, Shoulder Straightener, Adjustable Full Back Support, Upper and Lower Back Pain Relief - Scoliosis, Hunchback, Hump, Thoracic, Spine Corrector | O68: 9.76 | P68: 3.23 | Q68: B0BWRHYZWJ | R68: Posture Corrector for Women and Men,Adjustable Upper Back Brace, Breathable Back Support straightener, Providing Pain Relief from Lumbar, Neck, Shoulder, and Clavicle, Back (Black) | S68: 6.5 | T68: 6.45 | U68: 45395
A69: 523992 | B69: back posture | C69: Fit Geno | D69: ComfyBrace | E69: Jestilo | F69: Health & Personal Care | G69: Biss | H69: Sports | I69: B07ZQPKTVV | J69: ComfyBrace Posture Corrector-Back Brace for Men and Women- Fully Adjustable Straightener for Mid, Upper Spine Support- Neck, Shoulder, Clavicle and Back Pain Relief-Breathable | K69: 12.5 | L69: 8.7 | M69: B09ZQ2QSXS | N69: Fit Geno Back Brace Posture Corrector for Women and Men, Shoulder Straightener, Adjustable Full Back Support, Upper and Lower Back Pain Relief - Scoliosis, Hunchback, Hump, Thoracic, Spine Corrector | O69: 11.67 | P69: 4.35 | Q69: B0CN77K249 | R69: Posture Corrector for Women, Back Brace for Men, Adjustable Posture Corrector, Shoulder Brace, Back Posture Corrector Women, Back Pain Relief, Posture Brace, Back Straightener, Upper Back Support | S69: 7.5 | T69: 8.7 | U69: 45395
A70: 523992 | B70: womens posture corrector | C70: Fit Geno | D70: JMPOSE | E70: SNUSIM | F70: Health & Personal Care | G70: Sports | H70: Biss | I70: B0BYMMVKZF | J70: JMPOSE Posture Corrector for Women and Men, Breathable Back Brace, Adjustable Posture Corrector for Back, Shoulder and Spine Pain Relief (Small/Medium) | K70: 12.5 | L70: 10.71 | M70: B0BHF1DT5N | N70: Fit Geno Back Brace Posture Corrector for Women: Shoulder Straightener Adjustable Full Back Support Upper and Lower Back Pain Relief - Scoliosis Hunchback Hump Thoracic Spine Corrector Pink Medium | O70: 10.83 | P70: 7.14 | Q70: B09ZQ2QSXS | R70: Fit Geno Back Brace Posture Corrector for Women and Men, Shoulder Straightener, Adjustable Full Back Support, Upper and Lower Back Pain Relief - Scoliosis, Hunchback, Hump, Thoracic, Spine Corrector | S70: 9.17 | T70: 3.57 | U70: 45395
A71: 537398 | B71: corecorex posture corrector for men | C71: Super Ergonomic | D71: VOKOKOYA | E71: Fit Geno | F71: Health & Personal Care | G71: Biss | H71: Apparel | I71: B0CVX3BCDQ | J71: Corecorex™ Instant Posture Corrector Adjustable Back Straightener for Men and Women Relieves Neck, Shoulder and Back Pain Provides Support (X-Large(147-191lb)) | K71: 30.77 | L71: 0 | M71: B0C5BQ2WCS | N71: VOKOKOYA Posture Corrector for Women and Men, Adjustable Shoulder Posture Brace, Back Straightener Posture, Used for Middle and Upper Spine | O71: 11.11 | P71: 0 | Q71: B09ZQ2QSXS | R71: Fit Geno Back Brace Posture Corrector for Women and Men, Shoulder Straightener, Adjustable Full Back Support, Upper and Lower Back Pain Relief - Scoliosis, Hunchback, Hump, Thoracic, Spine Corrector | S71: 10.26 | T71: 0 | U71: 45395
A72: 537398 | B72: posture corrector shoulders | C72: Fit Geno | D72: ComfyBrace | E72: Fitsupport | F72: Health & Personal Care | G72: Biss | H72: Sports | I72: B09ZQ2QSXS | J72: Fit Geno Back Brace Posture Corrector for Women and Men, Shoulder Straightener, Adjustable Full Back Support, Upper and Lower Back Pain Relief - Scoliosis, Hunchback, Hump, Thoracic, Spine Corrector | K72: 19.66 | L72: 8.33 | M72: B07ZQPKTVV | N72: ComfyBrace Posture Corrector-Back Brace for Men and Women- Fully Adjustable Straightener for Mid, Upper Spine Support- Neck, Shoulder, Clavicle and Back Pain Relief-Breathable | O72: 11.97 | P72: 8.33 | Q72: B07Q494CNM | R72: Back Brace Posture Corrector for Women and Men Back Lumbar Support Shoulder Posture Support for Improve Posture Provide and Back Pain Relief | S72: 10.26 | T72: 0 | U72: 45395
A73: 541979 | B73: back and shoulder posture corrector | C73: Fit Geno | D73: JMPOSE | E73: VOKOKOYA | F73: Health & Personal Care | G73: Biss | I73: B09ZQ2QSXS | J73: Fit Geno Back Brace Posture Corrector for Women and Men, Shoulder Straightener, Adjustable Full Back Support, Upper and Lower Back Pain Relief - Scoliosis, Hunchback, Hump, Thoracic, Spine Corrector | K73: 20.69 | L73: 18.18 | M73: B0BYMMVKZF | N73: JMPOSE Posture Corrector for Women and Men, Breathable Back Brace, Adjustable Posture Corrector for Back, Shoulder and Spine Pain Relief (Small/Medium) | O73: 7.76 | P73: 4.55 | Q73: B0C5BQ2WCS | R73: VOKOKOYA Posture Corrector for Women and Men, Adjustable Shoulder Posture Brace, Back Straightener Posture, Used for Middle and Upper Spine | S73: 7.76 | T73: 0 | U73: 45395
A74: 541979 | B74: posture support for women | C74: Fit Geno | D74: SNUSIM | E74: NLNYCT | F74: Health & Personal Care | G74: Apparel | H74: Biss | I74: B09ZQ2QSXS | J74: Fit Geno Back Brace Posture Corrector for Women and Men, Shoulder Straightener, Adjustable Full Back Support, Upper and Lower Back Pain Relief - Scoliosis, Hunchback, Hump, Thoracic, Spine Corrector | K74: 13.79 | L74: 3.33 | M74: B0CXPJNPG4 | N74: SNUSIM Posture Corrector Upper Back Brace Neck Shoulder Back Support Brace Pain Relief Belt for Women Men Braces Spine Straightener Breathable - Adjustable | O74: 12.93 | P74: 3.33 | Q74: B0C6GK7B9X | R74: NLNYCT Posture Corrector For Women, Adjustable Back Brace For Posture, Back Posture Corrector Providing Pain Relief From Lumbar, Neck, Shoulder, And Clavicle, Back (S/M Upper Waist 25-36 Inch) | S74: 11.21 | T74: 0 | U74: 45395
A75: 561474 | B75: back brace for posture for women | C75: Fit Geno | D75: ComfyBrace | E75: VICORRECT | F75: Health & Personal Care | G75: Biss | H75: Tools | I75: B09ZQ2QSXS | J75: Fit Geno Back Brace Posture Corrector for Women and Men, Shoulder Straightener, Adjustable Full Back Support, Upper and Lower Back Pain Relief - Scoliosis, Hunchback, Hump, Thoracic, Spine Corrector | K75: 16.07 | L75: 12 | M75: B0BHF1DT5N | N75: Fit Geno Back Brace Posture Corrector for Women: Shoulder Straightener Adjustable Full Back Support Upper and Lower Back Pain Relief - Scoliosis Hunchback Hump Thoracic Spine Corrector Pink Medium | O75: 16.07 | P75: 8 | Q75: B07ZQPKTVV | R75: ComfyBrace Posture Corrector-Back Brace for Men and Women- Fully Adjustable Straightener for Mid, Upper Spine Support- Neck, Shoulder, Clavicle and Back Pain Relief-Breathable | S75: 10.71 | T75: 4 | U75: 45395
A76: 576903 | B76: best posture corrector for men | C76: Fit Geno | D76: ComfyBrace | E76: DIANMEI | F76: Health & Personal Care | G76: Biss | H76: Sports | I76: B09ZQ2QSXS | J76: Fit Geno Back Brace Posture Corrector for Women and Men, Shoulder Straightener, Adjustable Full Back Support, Upper and Lower Back Pain Relief - Scoliosis, Hunchback, Hump, Thoracic, Spine Corrector | K76: 14.68 | L76: 13.33 | M76: B07ZQPKTVV | N76: ComfyBrace Posture Corrector-Back Brace for Men and Women- Fully Adjustable Straightener for Mid, Upper Spine Support- Neck, Shoulder, Clavicle and Back Pain Relief-Breathable | O76: 13.76 | P76: 13.33 | Q76: B077926JWG | R76: DIANMEI Posture Corrector for Women and Men, Brace for Upper and Lower Back Pain Relief, Adjustable and Fully Back Support Improve Back Posture and Lumbar Support(M, 30"-35.5" Waist) | S76: 12.84 | T76: 6.67 | U76: 45395
A77: 587673 | B77: back stretcher posture corrector | C77: Fit Geno | D77: MINOLL | E77: Adontze | F77: Health & Personal Care | G77: Sports | H77: Home | I77: B0B63DMGFK | J77: MINOLL Back Stretcher for Lower Back Pain Relief, 3 Level Adjustable Lumbar Back Cracker Board, Back Cracking Device, Back Massager for Scoliosis, Spine Decompression (Black) | K77: 14.02 | L77: 33.33 | M77: B09ZQ2QSXS | N77: Fit Geno Back Brace Posture Corrector for Women and Men, Shoulder Straightener, Adjustable Full Back Support, Upper and Lower Back Pain Relief - Scoliosis, Hunchback, Hump, Thoracic, Spine Corrector | O77: 10.28 | P77: 11.11 | Q77: B0BHGT88KF | R77: Fit Geno Back Brace Posture Corrector for Women: Shoulder Straightener Adjustable Full Back Support Upper and Lower Back Pain Relief - Scoliosis Hunchback Hump Thoracic Spine Corrector Pink Small | S77: 10.28 | T77: 0 | U77: 45395
A78: 587673 | B78: posture bras | C78: Delimira | D78: Bali | E78: newlashua | F78: Apparel | G78: Health & Personal Care | I78: B08QKR1M75 | J78: Bali Women's One Smooth U Posture Boost W/Eversmooth Back Underwire Bra | K78: 6.54 | L78: 0 | M78: B0CFXRP5MQ | N78: DELIMIRA Women's Front Closure Bras Posture Full Coverage Plus Size Underwire Unlined Back Support Plunge Seamless Bra B-H | O78: 6.54 | P78: 0 | Q78: B0CT7MVMV3 | R78: DELIMIRA Women's Front Closure Posture Wireless Back Support Full Coverage Bra | S78: 6.54 | T78: 0 | U78: 45395
A79: 598872 | B79: back brace posture corrector for women | C79: Fit Geno | D79: SHAPERKY | E79: ComfyBrace | F79: Health & Personal Care | G79: Biss | H79: Sports | I79: B09ZQ2QSXS | J79: Fit Geno Back Brace Posture Corrector for Women and Men, Shoulder Straightener, Adjustable Full Back Support, Upper and Lower Back Pain Relief - Scoliosis, Hunchback, Hump, Thoracic, Spine Corrector | K79: 13.33 | L79: 11.11 | M79: B09ZQ192L3 | N79: Fit Geno Posture Corrector for Women and Men - Adjustable Back Brace & Straightener for Scoliosis, Hunchback Correction, Back Pain, Spine Corrector, Back Support and Posture Trainer | O79: 9.52 | P79: 0 | Q79: B0BZ436PTF | R79: Back Brace and Posture Corrector for Women and Men, Adjustable And Lightweight - Scoliosis and Hunchback Correction, Relief Back Pain, Provides Support And Shape For Neck, Shoulders And Back (Medium) | S79: 8.57 | T79: 3.7 | U79: 45395
A80: 598872 | B80: posture pole | C80: Adontze | D80: MG Custom Goods | E80: BodyTree | F80: Health & Personal Care | G80: Sports | H80: Outdoors | I80: B0B4BK3KXM | J80: Back Brace and Posture Corrector for Women and Men, Adjustable And Lightweight Posture Corrector Back Support, Scoliosis and Hunchback Correction, Relief Back Pain, Yoga Stick Stretching Tool | K80: 17.14 | L80: 11.76 | M80: B0CD62Y6RX | N80: MG Custom Goods Yoga Body Stick| Posture Correction Sticks gives Support & Straightener your Neck, Shoulder| Retractable Design Correction Stick for Everyone | O80: 16.19 | P80: 5.88 | Q80: B0BS8DFXCC | R80: BodyTree Posture Corrector Yoga Cross Stick - Compact Back Straightener for Upper and Lower back Pain Relief for men women - Stretch Pole - Stretcher Neck hump Cracker bar Cracking device brace | S80: 12.38 | T80: 5.88 | U80: 45395
A81: 610406 | B81: best office chair for posture | C81: GABRYLLY | D81: NEO CHAIR | E81: VIVO | F81: Furniture | G81: Home | H81: Health & Personal Care | I81: B08PBP21RW | J81: GABRYLLY Ergonomic Mesh Office Chair, High Back Desk Chair - Adjustable Headrest with Flip-Up Arms, Tilt Function, Lumbar Support and PU Wheels, Swivel Computer Task Chair, Grey | K81: 11.65 | L81: 0 | M81: B089DQ1YKC | N81: DRAGONN by VIVO Ergonomic Kneeling Chair with Back Support, Adjustable Stool for Home and Office with Angled Seat for Better Posture - Thick Comfortable Cushions, Black, DN-CH-K02B | O81: 8.74 | P81: 0 | Q81: B074C9F45S | R81: Lumbar Support Pillow for Office Chair Back Support Pillow for Car, Computer, Gaming Chair, Recliner Memory Foam Back Cushion for Pain Relief Improve Posture, Mesh Cover Double Adjustable Straps | S81: 5.83 | T81: 25 | U81: 45395
A82: 616251 | B82: menionic tourmaline posture corrector vest | C82: ASSOYEZ | D82: Jeeeun | E82: TAILONG | F82: Health & Personal Care | G82: Apparel | H82: Sports | I82: B0CJ6Q1JMW | J82: ASSOYEZ MENIONIC Tourmaline PostureCorrector Vest, Ionic Shaping Sleeveless Shir, Posture Corrector for Men (3pcs,L) | K82: 43.14 | L82: 16.67 | M82: B088TB2N55 | N82: TAILONG Men's Compression Shirt for Body Shaper Slimming Vest Tight Tummy Underwear Tank Top | O82: 7.84 | P82: 0 | Q82: B0CKW2JW92 | R82: Loodion MENIONIC Tourmaline Posture Corrector Vest - Ice-silk Fabric Posture Corrector Vest for Men, Comfortable & Breathable (Black,Large) | S82: 7.84 | T82: 0 | U82: 45395
A83: 628519 | B83: adjustable back posture belt | C83: VOKOKOYA | D83: Fit Geno | E83: Asixxsix | F83: Health & Personal Care | G83: Sports | H83: Biss | I83: B0C5BQ2WCS | J83: VOKOKOYA Posture Corrector for Women and Men, Adjustable Shoulder Posture Brace, Back Straightener Posture, Used for Middle and Upper Spine | K83: 51 | L83: 0 | M83: B0CF1Q4V27 | N83: Asixxsix Posture Corrector for Women and Men, Breathable Elastic Back Brace, Adjustable Back Posture Corrector for Body Correction, Shoulder and Spine | O83: 8 | P83: 0 | Q83: B077926JWG | R83: DIANMEI Posture Corrector for Women and Men, Brace for Upper and Lower Back Pain Relief, Adjustable and Fully Back Support Improve Back Posture and Lumbar Support(M, 30"-35.5" Waist) | S83: 7 | T83: 0 | U83: 45395
A84: 628519 | B84: neck posture corrector for women | C84: RESTCLOUD | D84: HYUNLAI | E84: Bodystance | F84: Health & Personal Care | G84: Home | H84: Sports | I84: B07QSFJ8S2 | J84: RESTCLOUD Neck and Shoulder Relaxer, Cervical Traction Device for TMJ Pain Relief and Cervical Spine Alignment, Chiropractic Pillow Neck Stretcher (Blue) | K84: 16 | L84: 21.43 | M84: B0BZYX1MTQ | N84: HYUNLAI Neck Support Neck Stretcher Exerciser Cervical Neck Brace Neck Hump Corrector Trainer Correction for Spine Pressure Neck Pain Relief Improving Forward Neck Posture | O84: 15 | P84: 0 | Q84: B01LYNZBV3 | R84: Bodystance The Backpod - Premium Treatment for Neck, Upper Back and Headache Pain from Hunching over Smartphones and Computers. Great for Costochondritis, Thoracic Motion and Perfect Posture. | S84: 10 | T84: 0 | U84: 45395
A85: 641159 | B85: best posture corrector for women | C85: Fit Geno | D85: JMPOSE | E85: SNUSIM | F85: Health & Personal Care | G85: Biss | H85: Apparel | I85: B0BYMMVKZF | J85: JMPOSE Posture Corrector for Women and Men, Breathable Back Brace, Adjustable Posture Corrector for Back, Shoulder and Spine Pain Relief (Small/Medium) | K85: 12.24 | L85: 9.09 | M85: B09ZQ2QSXS | N85: Fit Geno Back Brace Posture Corrector for Women and Men, Shoulder Straightener, Adjustable Full Back Support, Upper and Lower Back Pain Relief - Scoliosis, Hunchback, Hump, Thoracic, Spine Corrector | O85: 11.22 | P85: 9.09 | Q85: B0CXPJNPG4 | R85: SNUSIM Posture Corrector Upper Back Brace Neck Shoulder Back Support Brace Pain Relief Belt for Women Men Braces Spine Straightener Breathable - Adjustable | S85: 9.18 | T85: 9.09 | U85: 45395
A86: 641159 | B86: upper back posture corrector | C86: Fit Geno | D86: SNUSIM | E86: ComfyBrace | F86: Health & Personal Care | G86: Biss | I86: B0CXPJNPG4 | J86: SNUSIM Posture Corrector Upper Back Brace Neck Shoulder Back Support Brace Pain Relief Belt for Women Men Braces Spine Straightener Breathable - Adjustable | K86: 17.35 | L86: 8.33 | M86: B09ZQ2QSXS | N86: Fit Geno Back Brace Posture Corrector for Women and Men, Shoulder Straightener, Adjustable Full Back Support, Upper and Lower Back Pain Relief - Scoliosis, Hunchback, Hump, Thoracic, Spine Corrector | O86: 16.33 | P86: 4.17 | Q86: B07ZQPKTVV | R86: ComfyBrace Posture Corrector-Back Brace for Men and Women- Fully Adjustable Straightener for Mid, Upper Spine Support- Neck, Shoulder, Clavicle and Back Pain Relief-Breathable | S86: 12.24 | T86: 8.33 | U86: 45395
A87: 675432 | B87: scoliosis posture corrector | D87: Fit Geno | E87: SHAPERKY | F87: Health & Personal Care | G87: Biss | H87: Home | I87: B09YXGLYG2 | J87: Mazhonqi Scoliosis Posture Corrector, Adjustable Back Cerviacal Scoliosis Appliance Fixed Brace for Kyphosis, Osteoporosis, Postoperative Recovery Men and Women | K87: 12.9 | L87: 14.29 | M87: B09ZQ2QSXS | N87: Fit Geno Back Brace Posture Corrector for Women and Men, Shoulder Straightener, Adjustable Full Back Support, Upper and Lower Back Pain Relief - Scoliosis, Hunchback, Hump, Thoracic, Spine Corrector | O87: 7.53 | P87: 14.29 | Q87: B07SRW2D38 | R87: Upright GO 2 Premium | Posture Corrector Trainer & Tracker for Women & Men with Smart App | S87: 6.45 | T87: 0 | U87: 45395
A88: 682615 | B88: back brace posture corrector for men | C88: DIANMEI | D88: Fit Geno | E88: Fitsupport | F88: Health & Personal Care | G88: Biss | H88: Apparel | I88: B077926JWG | J88: DIANMEI Posture Corrector for Women and Men, Brace for Upper and Lower Back Pain Relief, Adjustable and Fully Back Support Improve Back Posture and Lumbar Support(M, 30"-35.5" Waist) | K88: 16.3 | L88: 6.67 | M88: B07Q7N21QR | N88: Back Brace Posture Corrector for Women and Men Back Lumbar Support Shoulder Posture Support for Improve Posture Provide and Back Pain Relief | O88: 9.78 | P88: 0 | Q88: B09ZQ192L3 | R88: Fit Geno Posture Corrector for Women and Men - Adjustable Back Brace & Straightener for Scoliosis, Hunchback Correction, Back Pain, Spine Corrector, Back Support and Posture Trainer | S88: 8.7 | T88: 0 | U88: 45395
A89: 682615 | B89: backbrace - body posture corrector | C89: Fit Geno | D89: Selbite | E89: NLNYCT | F89: Health & Personal Care | G89: Biss | H89: Tools | I89: B0BHGT88KF | J89: Fit Geno Back Brace Posture Corrector for Women: Shoulder Straightener Adjustable Full Back Support Upper and Lower Back Pain Relief - Scoliosis Hunchback Hump Thoracic Spine Corrector Pink Small | K89: 8.7 | L89: 12.5 | M89: B09ZQ2QSXS | N89: Fit Geno Back Brace Posture Corrector for Women and Men, Shoulder Straightener, Adjustable Full Back Support, Upper and Lower Back Pain Relief - Scoliosis, Hunchback, Hump, Thoracic, Spine Corrector | O89: 7.61 | P89: 12.5 | Q89: B09ZQ192L3 | R89: Fit Geno Posture Corrector for Women and Men - Adjustable Back Brace & Straightener for Scoliosis, Hunchback Correction, Back Pain, Spine Corrector, Back Support and Posture Trainer | S89: 7.61 | T89: 4.17 | U89: 45395
A90: 697754 | B90: desk posture corrector | C90: Fit Geno | D90: ComfyBrace | E90: curble | F90: Health & Personal Care | G90: Home | H90: Biss | I90: B09ZQ2QSXS | J90: Fit Geno Back Brace Posture Corrector for Women and Men, Shoulder Straightener, Adjustable Full Back Support, Upper and Lower Back Pain Relief - Scoliosis, Hunchback, Hump, Thoracic, Spine Corrector | K90: 18.89 | L90: 7.69 | M90: B07ZQPKTVV | N90: ComfyBrace Posture Corrector-Back Brace for Men and Women- Fully Adjustable Straightener for Mid, Upper Spine Support- Neck, Shoulder, Clavicle and Back Pain Relief-Breathable | O90: 12.22 | P90: 15.38 | Q90: B074C9F45S | R90: Lumbar Support Pillow for Office Chair Back Support Pillow for Car, Computer, Gaming Chair, Recliner Memory Foam Back Cushion for Pain Relief Improve Posture, Mesh Cover Double Adjustable Straps | S90: 7.78 | T90: 7.69 | U90: 45395
A91: 697754 | B91: posture support bra | C91: Delimira | D91: newlashua | E91: HACI | F91: Apparel | G91: Health & Personal Care | H91: Biss | I91: B0BFK7N5S6 | J91: SHAPERKY Posture Corrector for Women and Men, Adjustable Upper Back Brace for Posture Hunchback Support and Providing Pain Relief from Neck, Shoulder, and Upper Back (Small/M) | K91: 6.67 | L91: 0 | M91: B0BKFS574L | N91: IHHCOXK Push Up Bra for Women no Underwire Posture Corrector Bra Seamless Bra Sleep Bra Padded Sport Bra Compression Tank Top | O91: 5.56 | P91: 0 | Q91: B0CFXRP5MQ | R91: DELIMIRA Women's Front Closure Bras Posture Full Coverage Plus Size Underwire Unlined Back Support Plunge Seamless Bra B-H | S91: 4.44 | T91: 0 | U91: 45395
A92: 705520 | B92: campbell posture cane | C92: Posture Cane | D92: Medical king | E92: Honmido | F92: Health & Personal Care | G92: Outdoors | H92: Sports | I92: B07N91HG4D | J92: Campbell Posture Cane for Men & Women - Walking Canes for Seniors, Folding Cane, Walking Stick Made w/Heavy-Duty Aluminum, Ergonomic Campbell Handle, Rubber Traction Tip, Elderly Assistance Products | K92: 66.29 | L92: 53.85 | M92: B07WDM3RB1 | N92: Medical King Walking Canes for Men & Women Special Balancing - Cane Walking Stick Have 10 Adjustable Heights - self Standing Folding Cane, Portable Collapsible Cane, Comfortable | O92: 11.24 | P92: 7.69 | Q92: B09C8GVHTT | R92: Honmido Walking Cane Foldable for Men & Women Seniors for Balance,Self Standing Folding Cane,Height Adjustable Anti-Slip Lightweight Alloy Walking Stick Collapsable for Travel Mobility Aid (Black) | S92: 7.87 | T92: 7.69 | U92: 45395
A93: 705520 | B93: posture correcting sports bra | C93: Delimira | D93: NLNYCT | E93: MIRITY | F93: Apparel | G93: Health & Personal Care | H93: Sports | I93: B0C6GK7B9X | J93: NLNYCT Posture Corrector For Women, Adjustable Back Brace For Posture, Back Posture Corrector Providing Pain Relief From Lumbar, Neck, Shoulder, And Clavicle, Back (S/M Upper Waist 25-36 Inch) | K93: 12.36 | L93: 0 | M93: B0CT7MVMV3 | N93: DELIMIRA Women's Front Closure Posture Wireless Back Support Full Coverage Bra | O93: 11.24 | P93: 0 | Q93: B075M54FND | R93: MIRITY Women Racerback Sports Bras - High Impact Workout Gym Activewear Bra Color Black Grey Size 3XL | S93: 5.62 | T93: 0 | U93: 45395
A94: 721583 | B94: kizu spine posture corrector for women | D94: ComfyBrace | E94: Fit Geno | F94: Health & Personal Care | G94: Biss | I94: B0CZ6FMH4B | J94: Kizu Spine Posture Corrector Adjustable Back Posture Corrector Back Support for Men and Women Relieve Mid and Upper Spine, Neck, Shoulder, Clavicle and Back Pain (Large (130LB-210LB)) | K94: 48.28 | L94: 20.83 | M94: B07ZQPKTVV | N94: ComfyBrace Posture Corrector-Back Brace for Men and Women- Fully Adjustable Straightener for Mid, Upper Spine Support- Neck, Shoulder, Clavicle and Back Pain Relief-Breathable | O94: 11.49 | P94: 4.17 | Q94: B0CZ6T5QDW | R94: Kizu Spine Posture Corrector Adjustable Back Posture Corrector Back Support for Men and Women Relieve Mid and Upper Spine, Neck, Shoulder, Clavicle and Back Pain (Medium (99LB-129LB)) | S94: 9.2 | T94: 0 | U94: 45395
A95: 747123 | B95: posture corrector for men xxl | C95: DIANMEI | D95: KLEUET | E95: KARM | F95: Health & Personal Care | G95: Biss | H95: Sports | I95: B07796NJJ5 | J95: Back Brace Posture Corrector for Women and Men, Back Braces for Upper and Lower Back Pain Relief, Adjustable and Fully Back Support Improve Back Posture and Lumbar Support(XXL, 45.5"-49" Waist) | K95: 21.43 | L95: 12 | M95: B0CW8VCKHD | N95: Back Brace Posture Corrector for Women and Men - Relief for Waist, Back and Shoulder Pain - Adjustable and Breathable Posture Back Brace - Improve Back Posture and Provide Lumbar Support M(29"-33") | O95: 8.33 | P95: 0 | Q95: B07PZDLW1C | R95: KARM Plus Size Posture Corrector for Women and Men Plus Size - XXL, 3X Adjustable Upper Back Hunchback Corrector Support Brace for Big and Tall - Fits Up To XXXL (2XL/3XL) | S95: 7.14 | T95: 12 | U95: 45395
A96: 747123 | B96: shoulder posture brace | C96: ComfyBrace | D96: VICORRECT | E96: Fit Geno | F96: Health & Personal Care | G96: Biss | I96: B07ZQPKTVV | J96: ComfyBrace Posture Corrector-Back Brace for Men and Women- Fully Adjustable Straightener for Mid, Upper Spine Support- Neck, Shoulder, Clavicle and Back Pain Relief-Breathable | K96: 14.29 | L96: 5 | M96: B0CN77K249 | N96: Posture Corrector for Women, Back Brace for Men, Adjustable Posture Corrector, Shoulder Brace, Back Posture Corrector Women, Back Pain Relief, Posture Brace, Back Straightener, Upper Back Support | O96: 9.52 | P96: 10 | Q96: B09ZQ2QSXS | R96: Fit Geno Back Brace Posture Corrector for Women and Men, Shoulder Straightener, Adjustable Full Back Support, Upper and Lower Back Pain Relief - Scoliosis, Hunchback, Hump, Thoracic, Spine Corrector | S96: 8.33 | T96: 5 | U96: 45395
A97: 765156 | B97: shoulder back brace posture support | C97: ComfyBrace | D97: SHAPERKY | E97: Fit Geno | F97: Health & Personal Care | G97: Apparel | H97: Biss | I97: B07ZQPKTVV | J97: ComfyBrace Posture Corrector-Back Brace for Men and Women- Fully Adjustable Straightener for Mid, Upper Spine Support- Neck, Shoulder, Clavicle and Back Pain Relief-Breathable | K97: 21.95 | L97: 12.5 | M97: B09ZQ2QSXS | N97: Fit Geno Back Brace Posture Corrector for Women and Men, Shoulder Straightener, Adjustable Full Back Support, Upper and Lower Back Pain Relief - Scoliosis, Hunchback, Hump, Thoracic, Spine Corrector | O97: 9.76 | P97: 4.17 | Q97: B0CN77K249 | R97: Posture Corrector for Women, Back Brace for Men, Adjustable Posture Corrector, Shoulder Brace, Back Posture Corrector Women, Back Pain Relief, Posture Brace, Back Straightener, Upper Back Support | S97: 7.32 | T97: 8.33 | U97: 45395
A98: 774396 | B98: posture fix | C98: Fit Geno | D98: BITYEYE | E98: ComfyBrace | F98: Health & Personal Care | G98: Sports | H98: Biss | I98: B09ZQ2QSXS | J98: Fit Geno Back Brace Posture Corrector for Women and Men, Shoulder Straightener, Adjustable Full Back Support, Upper and Lower Back Pain Relief - Scoliosis, Hunchback, Hump, Thoracic, Spine Corrector | K98: 16.05 | L98: 20 | M98: B0CXD5GPXW | N98: BITYEYE Instant Posture Corrector,2024 New Back Straightener Posture Corrector,Instant Posture Corrector Adjustable Back Straightener (1PCS-S) | O98: 11.11 | P98: 0 | Q98: B07ZQPKTVV | R98: ComfyBrace Posture Corrector-Back Brace for Men and Women- Fully Adjustable Straightener for Mid, Upper Spine Support- Neck, Shoulder, Clavicle and Back Pain Relief-Breathable | S98: 9.88 | T98: 0 | U98: 45395
A99: 774396 | B99: posture pillows for sleeping | C99: Cozyplayer | D99: DONAMA | E99: Bespillow | F99: Home | G99: Health & Personal Care | H99: Furniture | I99: B0CHPB2719 | J99: Neck Pillow Cervical Memory Foam Pillows for Pain Relief Sleeping, Contour Pillow for Shoulder Pain, Ergonomic Orthopedic Bed Pillow for Side, Back & Stomach Sleepers with Breathable Pillowcase | K99: 8.64 | L99: 20 | M99: B0C1GQ54QD | N99: Ultra Pain Relief Cooling Pillow for Neck Support, Adjustable Cervical Pillow Cozy Sleeping, Odorless Ergonomic Contour Memory Foam Pillows, Orthopedic Bed Pillow for Side Back Stomach Sleeper | O99: 8.64 | P99: 10 | Q99: B09S5TZH5N | R99: DONAMA Cervical Pillow for Neck and Shoulder,Contour Memory Foam Pillow,Ergonomic Neck Support Pillow for Side Back Stomach Sleepers with Pillowcase | S99: 8.64 | T99: 0 | U99: 45395
A100: 784034 | B100: posture correcting bra women | C100: Delimira | D100: Bali | E100: VICORRECT | F100: Apparel | G100: Health & Personal Care | I100: B08QKR1M75 | J100: Bali Women's One Smooth U Posture Boost W/Eversmooth Back Underwire Bra | K100: 11.25 | L100: 0 | M100: B08VNHZMFK | N100: Vicorrect Posture Corrector for Women and Men, Adjustable Upper Back Brace for Clavicle Support and Providing Pain Relief from Neck, Shoulder, and Upper Back S-M (25"-35") | O100: 10 | P100: 0 | Q100: B0CT7MVMV3 | R100: DELIMIRA Women's Front Closure Posture Wireless Back Support Full Coverage Bra | S100: 8.75 | T100: 0 | U100: 45395
...
